t,expected_x,expected_y,predicted_x,predicted_y,absolute_x_error,absolute_y_error,point_l1_error
6.049405472718361,59.657204,46.032295,59.657203487290595,46.032295888039705,5.127094055978887e-07,8.880397075472501e-07,1.4007491131451388e-06
6.085393308095033,59.68938867558287,46.04852517549443,59.68934086722191,46.048607982094985,4.780836096074381e-05,8.280660055248745e-05,0.00013061496151323126
6.121381143471704,59.72157335116574,46.06475535098887,59.7215487907335,46.064797890951766,2.4560432237308305e-05,4.253996289804718e-05,6.710039513535548e-05
6.1573689788483765,59.7538606101145,46.08080784668772,59.75382728756469,46.08086556309999,3.332254981103233e-05,5.771641227170221e-05,9.103896208273454e-05
6.193356814225048,59.78619979750093,46.09677039959604,59.7861763792018,46.09681096132421,2.3418299129218667e-05,4.0561728170018796e-05,6.398002729923746e-05
6.22934464960172,59.818610162574956,46.112609668998566,59.818596078857794,46.112634062738856,1.4083717161383902e-05,2.4393740289951893e-05,3.8477457451335795e-05
6.265332484978392,59.851099664847446,46.128311868603035,59.85108639145286,46.12833485882194,1.3273394586121867e-05,2.299021890195263e-05,3.62636134880745e-05
6.301320320355064,59.88375916163651,46.14371962874657,59.88364731359587,46.14391335544704,0.00011184804063901765,0.0001937267004734622,0.00030557474111247984
6.337308155731736,59.91641865842558,46.15912738889009,59.91627883356684,46.1593695729138,0.00013982485873498263,0.00024218402371189995,0.0003820088824468826
6.3732959911084075,59.94907815521464,46.174535149033616,59.9489809313003,46.17470354597669,9.722391434507927e-05,0.00016839694307435593,0.0002656208574194352
6.40928382648508,59.98176181977874,46.18990104931721,59.981753578369606,46.18991532387213,8.241409133802335e-06,1.4274554921200888e-05,2.2515964055003224e-05
6.445271661861751,60.01465362622467,46.204906436892955,60.01459673797223,46.20500497034404,5.6888252444764476e-05,9.853345108723488e-05,0.00015542170353199936
6.481259497238423,60.0475454326706,46.21991182446871,60.04751036491599,46.21997256366766,3.5067754609485746e-05,6.073919895044355e-05,9.58069535599293e-05
6.517247332615096,60.080514035244306,46.234784197104204,60.08049440560627,46.234818196671725,1.9629638039475594e-05,3.399956752048183e-05,5.362920555995743e-05
6.553235167991767,60.11354887224636,46.24954184821943,60.11354879803408,46.24954197675901,7.421228076509578e-08,1.28539582533449e-07,2.0275186329854478e-07
6.589223003368439,60.1466734375464,46.264144085194125,60.146673471765304,46.26414402592517,3.4218906819205586e-08,5.926895596530812e-08,9.348786278451371e-08
6.625210838745111,60.17986962132657,46.27862227518712,60.179868347930686,46.27862448077589,1.2733958811850243e-06,2.205588771175826e-06,3.4789846523608503e-06
6.661198674121783,60.21313954446151,46.29297274473178,60.21313333921694,46.292983492542376,6.205244574175595e-06,1.0747810598843444e-05,1.6953055173019038e-05
6.697186509498454,60.24647813839052,46.307204272842355,60.24646834985879,46.307221227095155,9.788531734500339e-06,1.695425279990559e-05,2.6742784534405928e-05
6.733174344875127,60.279886420756704,46.32131509690738,60.27987327563195,46.321337864956156,1.3145124754032622e-05,2.2768048779653327e-05,3.591317353368595e-05
6.769162180251799,60.31335396547757,46.3353232754511,60.31334800384717,46.33533360130912,5.961630400008744e-06,1.0325858013970901e-05,1.6287488413979645e-05
6.80515001562847,60.34689389415999,46.34920608115898,60.346892413345174,46.34920864600828,1.480814816545717e-06,2.56484929650469e-06,4.045664113050407e-06
6.841137851005143,60.38052475895496,46.362931380727844,60.38050637449267,46.36296322358535,1.8384462293852266e-05,3.184285750990057e-05,5.0227319803752835e-05
6.877125686381814,60.41419565567243,46.37658734289737,60.41418974917927,46.37659757325477,5.906493157681325e-06,1.02303573967788e-05,1.6136850554460125e-05
6.913113521758486,60.44794717753362,46.390103658069236,60.4479423908155,46.39011194891728,4.786718122318234e-06,8.290848043657206e-06,1.307756616597544e-05
6.949101357135158,60.48180430994279,46.40343705020663,60.481764144331656,46.403506619161725,4.016561113218131e-05,6.956895509802052e-05,0.00010973456623020184
6.98508919251183,60.515689123779964,46.41672249665197,60.51565484617786,46.41678186726515,3.427760210428232e-05,5.93706131795102e-05,9.364821528379252e-05
7.021077027888502,60.54965237528399,46.42987208492488,60.54961432432491,46.429937991191196,3.80509590840461e-05,6.590626631464147e-05,0.00010395722539868757
7.057064863265174,60.5837193089718,46.442842090191704,60.58364239826628,46.44297530358666,7.691070552340307e-05,0.00013321339495320217,0.00021012410047660524
7.093052698641846,60.61778624265962,46.455812095458526,60.61773887902105,46.45589413177646,4.736363857205106e-05,8.203631793435306e-05,0.00012939995650640412
7.129040534018517,60.65191442191963,46.468676020166825,60.65190356913785,46.46869481775677,1.0852781777259679e-05,1.8797589945052096e-05,2.9650371722311775e-05
7.1650283693951895,60.686179137827025,46.48130345620674,60.686136262699854,46.4813777181864,4.287512717127129e-05,7.426197966253767e-05,0.00011713710683380896
7.201016204771861,60.72044385373443,46.49393089224665,60.72043674533071,46.49394320437649,7.108403721645118e-06,1.2312129840097441e-05,1.942053356174256e-05
7.237004040148533,60.75480892222039,46.5063845123322,60.75480479420153,46.50639166227839,4.128018858295945e-06,7.149946192441803e-06,1.1277965050737748e-05
7.272991875525205,60.78927517719176,46.518662872092754,60.78924017803891,46.51872349246985,3.499915285232191e-05,6.06203770985303e-05,9.561952995085221e-05
7.308979710901877,60.82375471610962,46.530918223357986,60.823742657133884,46.530939110139414,1.2058975734419164e-05,2.088678142797562e-05,3.2945757162394784e-05
7.344967546278549,60.858325909107194,46.543014824927205,60.85831198335198,46.543038945069085,1.3925755212085278e-05,2.4120141880246138e-05,3.8045897092331415e-05
7.380955381655221,60.89295328527245,46.555014114289314,60.89294790014422,46.55502344161519,5.385128226009783e-06,9.327325876995474e-06,1.4712454103005257e-05
7.416943217031893,60.92767015165005,46.56685840188775,60.92765014255919,46.56689305868755,2.0009090860639844e-05,3.465679979797187e-05,5.4665890658611715e-05
7.452931052408564,60.96243670022008,46.57861663731077,60.96241843725609,46.57864826972681,1.8262963990878234e-05,3.163241603942879e-05,4.9895380030307024e-05
7.488918887785236,60.997291001339754,46.59022288069351,60.99725250251883,46.590289562680134,3.849882092055168e-05,6.668198662396208e-05,0.00010518080754451375
7.524906723161909,61.032197175472334,46.601739277284324,61.0321520482711,46.601817439974944,4.512720123273084e-05,7.816269062033143e-05,0.00012328989185306227
7.56089455853858,61.06711882011641,46.61322887813397,61.06711677609249,46.613232418491116,2.0440239225649748e-06,3.540357148779094e-06,5.584381071344069e-06
7.596882393915252,61.102154538474494,46.62452089729959,61.10214637923566,46.62453502953121,8.159238831240145e-06,1.4132231619612412e-05,2.2291470450852557e-05
7.632870229291925,61.13724645993937,46.635715569722485,61.13724054264445,46.63572581878912,5.917294920720906e-06,1.0249066633605253e-05,1.616636155432616e-05
7.668858064668596,61.172400434686594,46.646802762590326,61.17239894297305,46.646805346316796,1.4917135473524468e-06,2.5837264701067397e-06,4.0754400174591865e-06
7.704845900045267,61.207644908519626,46.657733206272475,61.2076212486062,46.657774186489334,2.3659913424012302e-05,4.098021685905451e-05,6.464013028306681e-05
7.74083373542194,61.24291010423795,46.668627758557335,61.242907119680446,46.66863292796821,2.9845575042486416e-06,5.169410876249003e-06,8.153968380497645e-06
7.776821570798612,61.27825904032783,46.67937726810576,61.27825620810626,46.67938217366277,2.8322215754883473e-06,4.905557013046291e-06,7.737778588534638e-06
7.812809406175283,61.313677807501435,46.690005826537266,61.31366815759136,46.69002254069004,9.649910076348078e-06,1.6714152771157842e-05,2.636406284750592e-05
7.848797241551956,61.349158698096126,46.70052678392972,61.34914260366495,46.70055466033264,1.609443117445153e-05,2.7876402924675858e-05,4.397083409912739e-05
7.884785076928628,61.38467946129514,46.710978679870294,61.38467917370299,46.71097917799505,2.875921509826185e-07,4.981247556656854e-07,7.857169066483038e-07
7.920772912305299,61.42038517149485,46.721110237859484,61.420277486954504,46.72129675315805,0.00010768454034604247,0.00018651529856583693,0.0002941998389118794
7.9567607476819715,61.45611678089336,46.731196937071516,61.455937154568836,46.73150805933142,0.00017962632452395155,0.0003111222599017083,0.0004907485844256598
7.992748583058643,61.49184839029188,46.741283636283555,61.491657779624035,46.74161378400492,0.00019061066784331615,0.0003301477213639714,0.0005207583892072876
8.028736418435315,61.527579999690396,46.75137033549559,61.52743895715614,46.75161462859746,0.00014104253425273328,0.00024429310187201736,0.00038533563612475064
8.064724253811987,61.563311609088906,46.76145703470762,61.56328027418956,46.76151130840456,3.1334899347257306e-05,5.427369693933315e-05,8.560859628659045e-05
8.100712089188658,61.5991919761433,46.77128607782055,61.59918130976836,46.77130455254404,1.066637494062661e-05,1.8474723489703138e-05,2.9141098430329748e-05
8.136699924565331,61.63515085146421,46.780979140478706,61.63514163498871,46.78099510389996,9.216475497453303e-06,1.596342125509409e-05,2.5179896752547393e-05
8.172687759942002,61.67117659412993,46.79055638537192,61.67116081303218,46.79058371906484,1.5781097751244033e-05,2.733369291973986e-05,4.3114790670983894e-05
8.208675595318674,61.70724999551909,46.800051082844654,61.707238399200165,46.800071168280134,1.1596318927331595e-05,2.0085435480154956e-05,3.168175440748655e-05
8.244663430695347,61.74341677398835,46.80938404629394,61.7433739409492,46.80945823537493,4.2833039152867514e-05,7.418908099054988e-05,0.0001170221201434174
8.280651266072018,61.779639806281494,46.818619575155836,61.77956697792741,46.818745717702974,7.282835408517485e-05,0.0001261425471383859,0.00019897090122356076
8.31663910144869,61.81586283857464,46.827855104017736,61.81581704201181,46.8279344260779,4.579656282999167e-05,7.93220601664757e-05,0.00012511862299646737
8.352626936825363,61.852129851423214,46.83701445623997,61.852123657346745,46.83702518470682,6.194076469512311e-06,1.0728466847353957e-05,1.6922543316866268e-05
8.388614772202034,61.88849098672659,46.84601078341049,61.8884863403832,46.84601883112208,4.646343384706597e-06,8.04771158868789e-06,1.2694054973394486e-05
8.424602607578706,61.924966918995445,46.85480827618731,61.9249045999192,46.854916216111405,6.231907624254518e-05,0.000107939924092193,0.00017025900033473818
8.460590442955377,61.9614428512643,46.86360576896414,61.96137793714113,46.86371820364628,6.49141231718886e-05,0.00011243468213706365,0.00017734880530895225
8.49657827833205,61.99791878353316,46.87240326174096,61.99790584566606,46.87242567080857,1.2937867097662092e-05,2.2409067604201027e-05,3.534693470186312e-05
8.532566113708722,62.03452230558117,46.88097976229666,62.03448781158511,46.88103950771558,3.44939960612578e-05,5.974541891617946e-05,9.423941497743726e-05
8.568553949085393,62.07118186229288,46.889459207861954,62.07112331350769,46.88956061744326,5.854878519073736e-05,0.00010140958130477884,0.0001599583664955162
8.604541784462064,62.10784141900459,46.89793865342725,62.10781182260682,46.89798991594783,2.9596397773445915e-05,5.126252057863212e-05,8.085891835207804e-05
8.640529619838738,62.14459525005688,46.90625481086667,62.14455280266535,46.906328331985655,4.2447391528810385e-05,7.352111898484281e-05,0.0001159685105136532
8.676517455215409,62.18142671582695,46.914436500883745,62.18134571012319,46.914576807031445,8.10057037625711e-05,0.00014030614769922067,0.00022131185146179178
8.71250529059208,62.21825818159703,46.92261819090081,62.218189994125495,46.9227362951948,6.818747153403137e-05,0.00011810429398906308,0.00018629176552309445
8.748493125968754,62.25508964736711,46.93079988091789,62.255085096571825,46.93080776313512,4.550795281943465e-06,7.882217232690891e-06,1.2433012514634356e-05
8.784480961345425,62.29203037952719,46.93879231578942,62.29203045216625,46.938792189974734,7.263906098842199e-08,1.258146866689458e-07,1.9845374765736778e-07
8.820468796722096,62.32903361936318,46.946676484072306,62.329025488468424,46.9466905672105,8.13089475570905e-06,1.408313819695195e-05,2.2214032952661e-05
8.85645663209877,62.36607546094071,46.954493792104635,62.366069625945585,46.95450389862368,5.834995128850551e-06,1.0106519042096807e-05,1.5941514170947357e-05
8.89244446747544,62.40317216857623,46.962216069233236,62.403162278025555,46.962233200188216,9.890550678903764e-06,1.71309549799048e-05,2.7021505658808564e-05
8.928432302852112,62.44031135926747,46.969864763470596,62.44030285115062,46.96987949997733,8.508116849270664e-06,1.4736506734891464e-05,2.3244623584162127e-05
8.964420138228785,62.47750501596373,46.97741911971705,62.477490744832416,46.97744383806853,1.4271131313137175e-05,2.471835148298851e-05,3.8989482796125685e-05
9.000407973605457,62.514729593703095,46.98491991908738,62.51472535170768,46.984927266446974,4.24199541271264e-06,7.34735959184718e-06,1.158935500455982e-05
9.036395808982128,62.55201996853825,46.99230675442049,62.55200605759502,46.99233084890722,1.3910943224004768e-05,2.4094486732906262e-05,3.800542995691103e-05
9.0723836443588,62.58937306715155,46.99958494886447,62.5893322415525,46.99965566095342,4.082559905072003e-05,7.071208895581549e-05,0.00011153768800653552
9.108371479735471,62.62672616576485,47.00686314330844,62.62670327593623,47.00690278969785,2.288982862097555e-05,3.9646389403458215e-05,6.253621802443377e-05
9.144359315112144,62.66412485919594,47.014062365125305,62.66411852645989,47.01407333375786,6.332736049330379e-06,1.096863255156677e-05,1.730136860089715e-05
9.180347150488815,62.70158561403891,47.0211540933063,62.70157735225504,47.021168403151336,8.261783868590555e-06,1.4309845035143098e-05,2.2571628903733654e-05
9.216334985865487,62.73908047498276,47.02818674792329,62.73907910593252,47.02818911919045,1.369050238508862e-06,2.3712671577413857e-06,3.740317396250248e-06
9.25232282124216,62.7766278791795,47.03512839485738,62.77662313364455,47.035136614374,4.745534951666741e-06,8.219516615781686e-06,1.2965051567448427e-05
9.288310656618831,62.81421008837281,47.04200975770328,62.814208775147904,47.04201203227803,1.3132249065961332e-06,2.274574747218594e-06,3.587799653814727e-06
9.324298491995503,62.85184440654493,47.048800865051895,62.851835363867856,47.048816527445105,9.04267707113604e-06,1.5662393209936454e-05,2.4705070281072494e-05
9.360286327372176,62.88952832835347,47.05550605628825,62.88950222696308,47.05555126527187,2.6101390389499102e-05,4.520898362159187e-05,7.131037401109097e-05
9.396274162748847,62.92727277557559,47.06210641431876,62.92720868539138,47.06221742189519,6.409018421038581e-05,0.00011100757642878989,0.0001750977606391757
9.432261998125519,62.965017222797705,47.068706772349266,62.96495405397629,47.06881618407677,6.316882141277347e-05,0.00010941172750733585,0.00017258054892010932
9.468249833502192,63.00276167001983,47.07530713037978,63.002737641474646,47.07534874908626,2.4028545183796268e-05,4.161870648289323e-05,6.56472516666895e-05
9.504237668878863,63.040562145121285,47.08181044517075,63.040558750644834,47.08181632458284,3.394476451035189e-06,5.8794120860738985e-06,9.273888537109087e-06
9.540225504255535,63.07842873745029,47.08819924143942,63.078416678316074,47.088220128495365,1.2059134213870948e-05,2.088705594616158e-05,3.294619016003253e-05
9.576213339632206,63.11631177398749,47.09455955547293,63.11631071545844,47.094561388901035,1.0585290510789491e-06,1.8334281080001347e-06,2.891957159079084e-06
9.612201175008877,63.15424146230285,47.10083906616825,63.15424014725374,47.10084134390261,1.3150491113833596e-06,2.2777343602342626e-06,3.592783471617622e-06
9.64818901038555,63.19220949070487,47.10705216981306,63.192204253167304,47.10706124150412,5.237537564539707e-06,9.071691060569265e-06,1.4309228625108972e-05
9.684176845762222,63.23020377095004,47.113219803882124,63.230202307020484,47.113222339485255,1.4639295571328148e-06,2.5356031301271287e-06,3.9995326872599435e-06
9.720164681138893,63.2682342592828,47.119324723635415,63.26823357706407,47.119325905274195,6.822187259558632e-07,1.1816387797125572e-06,1.8638575056684203e-06
9.756152516515566,63.30630148800591,47.12536600709651,63.30629732605249,47.12537321581917,4.1619534201231545e-06,7.208722657026101e-06,1.1370676077149255e-05
9.792140351892238,63.34439394614806,47.131363591874305,63.34439281131876,47.131365557458444,1.1348292972002127e-06,1.965584139895782e-06,3.1004134370959946e-06
9.82812818726891,63.38252162488269,47.13730017272989,63.3825192848504,47.13730422578913,2.3400322888278424e-06,4.053059242892232e-06,6.393091531720074e-06
9.864116022645582,63.42068695926455,47.143171532020126,63.42067599336592,47.14319052553442,1.0965898631809523e-05,1.8993514295573277e-05,2.99594129273828e-05
9.900103858022254,63.45888224592529,47.14899101238495,63.458862178392266,47.14902577040964,2.0067533021972395e-05,3.47580246895518e-05,5.48255577115242e-05
9.936091693398925,63.49707753258602,47.154810492749775,63.497077076343,47.15481128298673,4.5624302202895706e-07,7.902369532075681e-07,1.2464799752365252e-06
9.972079528775598,63.53532527309266,47.160539120289314,63.53531991859718,47.16054839455765,5.35449547811595e-06,9.274268336412206e-06,1.4628763814528156e-05
10.00806736415227,63.573590558158955,47.16623735972698,63.573589931579114,47.16623844499628,6.265798404569978e-07,1.085269303757741e-06,1.7118491442147388e-06
10.044055199528941,63.61188786587884,47.171880134241114,63.6118863368388,47.17188278261905,1.5290400412482086e-06,2.648377936509405e-06,4.177417977757614e-06
10.080043034905614,63.650222295359555,47.177458611909294,63.650208351133124,47.17748276404429,1.3944226431306106e-05,2.415213499773472e-05,3.8096361429040826e-05
10.116030870282284,63.688576513391915,47.18300281476321,63.68855518650781,47.18303975405034,2.1326884102279564e-05,3.693928712777961e-05,5.826617123005917e-05
10.152018705658957,63.72693073142427,47.18854701761714,63.726926050380136,47.18855512543226,4.681044131871204e-06,8.107815119728912e-06,1.2788859251600115e-05
10.188006541035628,63.765331292200315,47.19401095239686,63.76532014562226,47.194030258857445,1.1146578053455869e-05,1.930646058667662e-05,3.045303864013249e-05
10.2239943764123,63.803740361103465,47.19946015065208,63.80373667064541,47.19946654271991,3.6904580582586277e-06,6.392067831484383e-06,1.008252588974301e-05
10.259982211788973,63.84217711873551,47.204861390569725,63.84217481948467,47.20486537299336,2.2992508448282933e-06,3.982423635306986e-06,6.28167448013528e-06
10.295970047165644,63.88065130927572,47.210197794717836,63.88063378188453,47.21022815308303,1.7527391193539188e-05,3.0358365194160797e-05,4.7885756387699985e-05
10.331957882542316,63.919136232852765,47.21551560868053,63.919112743385085,47.21555629367638,2.348946767938287e-05,4.0684995845197136e-05,6.417446352458e-05
10.367945717918989,63.95762115642981,47.22083342264324,63.95761088540896,47.2208512125926,1.0271020848051648e-05,1.778994936074696e-05,2.8060970208798608e-05
10.40393355329566,63.996134600039554,47.22610183840638,63.996127385348835,47.22611433463089,7.214690718626571e-06,1.2496224513824927e-05,1.9710915232451498e-05
10.439921388672332,64.03466997348066,47.231332270545956,64.03466141665572,47.23134709141766,8.556824937500096e-06,1.482087170501245e-05,2.3377696642512547e-05
10.475909224049005,64.07321333236051,47.23654887148482,64.07321214892784,47.23655092125257,1.183432672746676e-06,2.0497677510888934e-06,3.2332004238355694e-06
10.511897059425676,64.11178211154801,47.24172144311125,64.11177874800013,47.24172726895341,3.3635478757787496e-06,5.825842158913019e-06,9.189390034691769e-06
10.547884894802348,64.15036145265663,47.24687572093371,64.15036037603451,47.24687758569996,1.0766221123503783e-06,1.8647662543003207e-06,2.941388366650699e-06
10.58387273017902,64.18895546155287,47.25200459337509,64.18895619161056,47.25200332887668,7.300576925217683e-07,1.2644984082044175e-06,1.994556100726186e-06
10.61986056555569,64.22756852708075,47.25710045872621,64.22756534981701,47.257105961914405,3.177263735665292e-06,5.503188198474618e-06,8.68045193413991e-06
10.655848400932364,64.26618742811475,47.26218621667321,64.26618700234381,47.26218695413091,4.257709349531069e-07,7.374577037921881e-07,1.163228638745295e-06
10.691836236309037,64.3048278973467,47.26723461736477,64.30482029757465,47.267247780570464,7.5997720472287256e-06,1.316320569344498e-05,2.0762977740673705e-05
10.727824071685706,64.34347144268058,47.272277690085716,64.34346438068026,47.272289921842415,7.062000321411688e-06,1.2231756699065954e-05,1.9293757020477642e-05
10.76381190706238,64.38211840438031,47.27731484548095,64.38211839371219,47.27731486395869,1.0668117056411575e-08,1.847774200314234e-08,2.9145859059553914e-08
10.79979974243905,64.42078515527058,47.28231772495534,64.42078147569718,47.28232409817036,3.679573396198066e-06,6.373215022392742e-06,1.0052788418590808e-05
10.835787577815722,64.45945615622382,47.287313243096705,64.4594527627321,47.28731912080321,3.3934917240685536e-06,5.877706506396407e-06,9.271198230464961e-06
10.871775413192395,64.49813230077179,47.292299852260946,64.49813138807936,47.29230143309234,9.12692428300943e-07,1.580831394676352e-06,2.493523822977295e-06
10.907763248569067,64.53681719824297,47.29727130090092,64.53681648226303,47.2972725410159,7.159799366718289e-07,1.2401149831475777e-06,1.9560949198194066e-06
10.943751083945738,64.5755081265383,47.30223230383569,64.57550717316538,47.302233955127825,9.533729183885953e-07,1.6512921376943268e-06,2.604665056082922e-06
10.979738919322411,64.61420277860132,47.30718685700853,64.61420258612384,47.307187190389705,1.924774863937273e-07,3.333811733341463e-07,5.258586597278736e-07
11.015726754699083,64.65290287005324,47.312131988873205,64.65290184402869,47.312133766001786,1.0260245488780129e-06,1.7771285811818416e-06,2.8031531300598544e-06
11.051714590075754,64.6916036925861,47.317075854467156,64.69160406742117,47.31707520523306,3.748350678733914e-07,6.492340958175191e-07,1.0240691636909105e-06
11.087702425452427,64.73030815497387,47.32201341564059,64.7303083745919,47.32201303525059,2.19618030428137e-07,3.803899986110082e-07,6.000080290391452e-07
11.123690260829099,64.76901407216248,47.3269484570223,64.76901388168005,47.326948786947895,1.904824245002601e-07,3.2992559795275156e-07,5.204080224530117e-07
11.15967809620577,64.80771846321944,47.33188614174444,64.80771970277284,47.33188399477263,1.2395533985909424e-06,2.1469718092248513e-06,3.3865252078157937e-06
11.195665931582443,64.84642363691381,47.33682247089737,64.84642495000547,47.33682019655342,1.3130916585168961e-06,2.2743439487271644e-06,3.5874356072440605e-06
11.231653766959113,64.88512603995322,47.341763598970665,64.88512873366156,47.341758933325885,2.6937083390521366e-06,4.665644780743605e-06,7.359353119795742e-06
11.267641602335786,64.92382838217678,47.346704832380254,64.923830162274,47.346701749158036,1.78009722162642e-06,3.083222217981074e-06,4.863319439607494e-06
11.303629437712457,64.96252831216185,47.351650243914,64.96252834272627,47.351650190974816,3.0564422104362166e-08,5.293918547977228e-08,8.350360758413444e-08
11.339617273089129,65.00122289077318,47.356604924309075,65.00122238035402,47.356605808381936,5.104191558302773e-07,8.840728611403392e-07,1.3944920169706165e-06
11.375605108465802,65.0399085828703,47.361574996615055,65.03991137904731,47.36157015348912,2.7961770143747344e-06,4.843125935849457e-06,7.639302950224192e-06
11.411592943842473,65.07859435147019,47.3665449364142,65.07859444135296,47.3665447807325,8.988277500066033e-08,1.5568170397273207e-07,2.455644789733924e-07
11.447580779219145,65.11727088425057,47.37153087313943,65.1172706685775,47.37153124669654,2.1567306873748748e-07,3.735571141305627e-07,5.892301828680502e-07
11.483568614595818,65.1559355926358,47.376537290340195,65.1559391608904,47.37653110993519,3.5682545984627723e-06,6.180405001998679e-06,9.748659600461451e-06
11.51955644997249,65.19459619315332,47.381550822584316,65.19459901742758,47.38154593079246,2.824274261570281e-06,4.891791853367522e-06,7.716066114937803e-06
11.55554428534916,65.23324932624404,47.38657728880516,65.23324933639542,47.386577271222414,1.01513819572574e-08,1.7582742373178917e-08,2.7734124330436316e-08
11.591532120725834,65.27188753029748,47.39162961290527,65.27188921517504,47.39162669460853,1.6848775601374655e-06,2.9182967367091805e-06,4.603174296846646e-06
11.627519956102505,65.31050730468515,47.396713858157696,65.31051775042683,47.396695765582635,1.0445741679632192e-05,1.8092575061245952e-05,2.8538316740878145e-05
11.663507791479176,65.34912707907282,47.40179810341012,65.3491340381954,47.40178604984308,6.959122586636113e-06,1.2053567040481994e-05,1.9012689627118107e-05
11.69949562685585,65.38773713848491,47.40689917551221,65.38773717401476,47.40689911397264,3.552985106125561e-08,6.15395663317031e-08,9.706941739295871e-08
11.73548346223252,65.4263261950465,47.412036625658146,65.42632625301381,47.4120365252557,5.7967312727669196e-08,1.004024454687169e-07,1.583697581963861e-07
11.771471297609192,65.46489526425152,47.41720869495895,65.46490037002216,47.41719985149515,5.105770640057017e-06,8.843463803032137e-06,1.3949234443089154e-05
11.807459132985864,65.50345806181875,47.4223916270669,65.50345861967605,47.42239066082867,5.578573052389402e-07,9.66238232535943e-07,1.5240955377748833e-06
11.843446968362535,65.54200109416664,47.42760879357634,65.54200009652473,47.427610521544686,9.97641905087221e-07,1.7279683461879358e-06,2.7256102512751568e-06
11.879434803739208,65.58051981220427,47.432868073752424,65.58052389513696,47.43286100189785,4.082932690607777e-06,7.071854575713132e-06,1.1154787266320909e-05
11.91542263911588,65.6190245250194,47.43815161171192,65.6190291102077,47.438143669924145,4.5851883072600685e-06,7.941787778520393e-06,1.2526976085780461e-05
11.951410474492551,65.65751453068785,47.443460623224496,65.6575148366652,47.4434600932556,3.059773518998554e-07,5.299688936588609e-07,8.359462455587163e-07
11.987398309869224,65.69597163201394,47.44882662679202,65.69598016977801,47.448811838934716,8.537764074389997e-06,1.4787857303133478e-05,2.3325621377523476e-05
12.023386145245896,65.73442348044307,47.45420172865388,65.73442420526248,47.45420047322845,7.24819415154343e-07,1.255425431168078e-06,1.980244846322421e-06
12.059373980622567,65.77283878597974,47.45964012473116,65.77284603939022,47.45962756144199,7.25341047314032e-06,1.2563289168099345e-05,1.9816699641239666e-05
12.09536181599924,65.81124264006016,47.465098355334185,65.81124476909582,47.4650946677322,2.1290356642111874e-06,3.6876019819942485e-06,5.816637646205436e-06
12.131349651375912,65.84961965854492,47.47060306660301,65.84961949208477,47.47060335492076,1.6646015410515247e-07,2.8831775011894933e-07,4.547779042241018e-07
12.167337486752583,65.88796955201526,47.47615475982623,65.88796930694136,47.476155184307146,2.450739060577689e-07,4.24480916194625e-07,6.695548222523939e-07
12.203325322129256,65.9262894299832,47.481758441481375,65.92629331323691,47.481751715481295,3.883253711478574e-06,6.726000080448102e-06,1.0609253791926676e-05
12.239313157505926,65.96458988989534,47.48739575623242,65.96459061163796,47.48739450613614,7.217426229999546e-07,1.2500962753847489e-06,1.9718388983847035e-06
12.275300992882599,66.00285952176061,47.493086466785186,66.00286030401467,47.49308511187992,7.822540624147223e-07,1.3549052653161198e-06,2.137159327730842e-06
12.311288828259272,66.04109196775802,47.498841585220696,66.04110149354925,47.49882508604831,9.525791227815716e-06,1.6499172382111738e-05,2.6024963609927454e-05
12.347276663635942,66.07930258055185,47.504634519915356,66.07931328484443,47.5046159795165,1.0704292577656815e-05,1.854039885529346e-05,2.9244691432950276e-05
12.383264499012615,66.11749146186942,47.51046509467209,66.1174947840322,47.51045934051106,3.322162783092608e-06,5.754161030324667e-06,9.076323813417275e-06
12.419252334389286,66.155643687173,47.51635915957673,66.15564509888233,47.51635671442176,1.4117093343202214e-06,2.4451549691661967e-06,3.856864303486418e-06
12.455240169765958,66.19376179318282,47.52231232089613,66.19376333891107,47.52230964361333,1.5457282529496297e-06,2.677282793683844e-06,4.223011046633474e-06
12.49122800514263,66.23184459707227,47.52832662734835,66.23184861548998,47.52831966723712,4.0184177123592235e-06,6.960111228693222e-06,1.0978528941052446e-05
12.527215840519302,66.26989589857165,47.53439549760027,66.26990004195453,47.53438832104276,4.143382881238722e-06,7.176557510035764e-06,1.1319940391274486e-05
12.563203675895974,66.30789438588874,47.540555844799044,66.30791673371296,47.54051713718986,2.234782421339787e-05,3.870760918545102e-05,6.105543339884889e-05
12.599191511272647,66.3458650135634,47.546764446366694,66.34589780835489,47.546707644059616,3.279479149398412e-05,5.6802307078385184e-05,8.95970985723693e-05
12.635179346649318,66.38383564123804,47.55297304793435,66.38384238576018,47.55296136606657,6.744522139001674e-06,1.1681867782442623e-05,1.8426389921444297e-05
12.67116718202599,66.42174858782576,47.55928155618417,66.42174958820745,47.55927982347037,1.0003816868220383e-06,1.7327137982192653e-06,2.7330954850413036e-06
12.707155017402663,66.45961913220246,47.56566350729797,66.45961854048282,47.56566453218757,5.917196403970593e-07,1.0248895989661833e-06,1.6166092393632425e-06
12.743142852779334,66.49742993370883,47.572148936211455,66.49744836998842,47.572117003603665,1.8436279589195692e-05,3.193260778999729e-05,5.0368887379192984e-05
12.779130688156005,66.53523931606696,47.5786368231645,66.53523820685092,47.57863874438513,1.1092160434600373e-06,1.921220629697018e-06,3.0304366731570553e-06
12.815118523532679,66.57296727692376,47.585265736448534,66.57298718402988,47.585231256291664,1.9907106121763718e-05,3.4480156870131395e-05,5.438726299189511e-05
12.851106358909348,66.6106657047239,47.59194580254299,66.61069443742613,47.59189603598859,2.8732702233469354e-05,4.976655439747901e-05,7.849925663094837e-05
12.887094194286021,66.64835885946036,47.59863500186164,66.64835910598991,47.59863457485946,2.465295523279565e-07,4.2700217761648673e-07,6.735317299444432e-07
12.923082029662693,66.6859797900378,47.60544929722971,66.68598033182896,47.6054483588189,5.41791152386395e-07,9.384108139443015e-07,1.4802019663306965e-06
12.959069865039364,66.72355433328514,47.612343937898025,66.72355726031641,47.612338868125605,2.9270312751350502e-06,5.06977242054063e-06,7.99680369567568e-06
12.995057700416037,66.76106697711766,47.619345791614705,66.76108904019867,47.61930757719575,2.2063081004830565e-05,3.821441895723865e-05,6.0277499962069214e-05
13.031045535792709,66.7985406025993,47.62641522717131,66.7985748237029,47.62635595441652,3.422110358997088e-05,5.927275478967431e-05,9.349385837964519e-05
13.06703337116938,66.83601405595446,47.63348496086001,66.83601376664454,47.63348546196005,2.893099235734553e-07,5.011000396848431e-07,7.904099632582984e-07
13.103021206546053,66.87339464111602,47.64071554715397,66.87340502853455,47.640697555597676,1.0387418527102454e-05,1.7991556291008237e-05,2.837897481811069e-05
13.139009041922725,66.91074568055028,47.64799730820455,66.9107477726864,47.64799368451453,2.0921361283399165e-06,3.6236900200492528e-06,5.715826148389169e-06
13.174996877299396,66.94803753493755,47.655381580875414,66.94804116632295,47.655375291124535,3.6313853968295007e-06,6.289750878352152e-06,9.921136275181652e-06
13.210984712676069,66.98528063183191,47.66285030409338,66.98528438068303,47.662843810885704,3.7488511139827096e-06,6.493207678204271e-06,1.0242058792186981e-05
13.24697254805274,67.02247520306446,47.6704030763148,67.02247659112777,47.67040067211601,1.3880633105145535e-06,2.4041987884970695e-06,3.792262099011623e-06
13.282960383429412,67.05961374101781,47.67805290112856,67.0596169772467,47.67804729580958,3.2362288919784987e-06,5.605318982304652e-06,8.841547874283151e-06
13.318948218806085,67.09669610270255,47.68580002619993,67.09670472296366,47.685785095453404,8.6202611129238e-06,1.4930746523589278e-05,2.3551007636513077e-05
13.354936054182755,67.13373845184745,47.69361645509881,67.1337390166422,47.69361547684454,5.647947460829528e-07,9.782542704783737e-07,1.5430490165613264e-06
13.390923889559428,67.17070784931036,47.701559240155284,67.17071905119094,47.70153983790779,1.120188058223448e-05,1.9402247495747815e-05,3.0604128077982296e-05
13.426911724936101,67.20761983907482,47.70960145837067,67.2076440241685,47.709559568513924,2.4185093678852354e-05,4.1889856746024634e-05,6.607495042487699e-05
13.46289956031277,67.24451067504297,47.71768031607604,67.24451313788808,47.717676050298515,2.4628451029684584e-06,4.265777526768488e-06,6.728622629736947e-06
13.498887395689444,67.28132614214262,47.72588971663338,67.28132559952178,47.725890656481276,5.426208389280873e-07,9.398478937328036e-07,1.482468732660891e-06
13.534875231066115,67.31807062510227,47.734222065461864,67.31808062120449,47.73420475168604,9.996102221521141e-06,1.7313775821037325e-05,2.7309878042558466e-05
13.570863066442787,67.35475770163335,47.742653845249784,67.35477742013758,47.74261969176134,1.9718504233878775e-05,3.415348844271193e-05,5.387199267659071e-05
13.60685090181946,67.39141193611188,47.75114250920341,67.391415218692,47.75113682360167,3.2825801241642694e-06,5.68560174230015e-06,8.96818186646442e-06
13.642838737196131,67.4279930517182,47.75975781889688,67.42799324451113,47.759757484969384,1.9279292473584064e-07,3.339274954328175e-07,5.267204201686582e-07
13.678826572572802,67.46447133103786,47.76855124645803,67.4645107306132,47.76848300431729,3.939957534271343e-05,6.824214074185875e-05,0.00010764171608457218
13.714814407949476,67.50084556665719,47.77752488319097,67.50096691549335,47.77731470061199,0.0001213488361599957,0.00021018257898219872,0.0003315314151421944
13.750802243326147,67.53721980227652,47.78649851992391,67.53736104322513,47.78625388315791,0.00014124094860790137,0.00024463676599850714,0.0003858777146064085
13.786790078702818,67.57359403789584,47.79547215665685,67.5736923635617,47.795301851422096,9.832566585998848e-05,0.0001703052347536982,0.00026863090061368666
13.822777914079492,67.60995807505851,47.804463457654165,67.60996013203653,47.80445989485983,2.056978019027156e-06,3.5627943333338408e-06,5.619772352360997e-06
13.858765749456161,67.64614807934565,47.81375619276295,67.64616361006361,47.81372929274102,1.553071795967753e-05,2.6900021929066043e-05,4.2430739888743574e-05
13.894753584832834,67.68229907295547,47.823116496420596,67.68230206503718,47.82311131397742,2.9920817041784176e-06,5.182443175044682e-06,8.1745248792231e-06
13.930741420209507,67.7183683677443,47.832618306741516,67.71837477043107,47.83260721695064,6.402686764772625e-06,1.1089790874052596e-05,1.749247763882522e-05
13.966729255586177,67.75437341049641,47.842231404975934,67.7543810058974,47.84221824934118,7.5954009872702954e-06,1.3155634754014045e-05,2.075103574128434e-05
14.00271709096285,67.79031888417151,47.85194767999085,67.79032005736487,47.85194564795816,1.1731933540204409e-06,2.0320326896694496e-06,3.2052260436898905e-06
14.038704926339522,67.82618966274158,47.86179333086392,67.82619121713644,47.86179063857013,1.5543948563845333e-06,2.6922937905737854e-06,4.246688646958319e-06
14.074692761716193,67.86194059443308,47.87184656284628,67.86199378398658,47.87175443573669,5.318955349764565e-05,9.212710958905745e-05,0.0001453166630867031
14.110680597092866,67.89764059216787,47.881988015125735,67.8977270632578,47.88183824264118,8.647108992931862e-05,0.00014977248455494419,0.0002362435744842628
14.146668432469538,67.93334058990266,47.89212946740519,67.93339036695686,47.89204325092422,4.977705420117218e-05,8.621648097317802e-05,0.0001359935351743502
14.182656267846209,67.96893126191017,47.902460277605456,67.96898301385008,47.90237064051836,5.175193990680782e-05,8.963708709330831e-05,0.00014138902700011613
14.218644103222882,68.00439132436763,47.91301731042919,68.00450432955837,47.912821579483754,0.00011300519074097792,0.00019573094543545722,0.00030873613617643514
14.254631938599553,68.03985138682508,47.923574343252916,68.03995364665151,47.923397223844745,0.00010225982643419229,0.0001771194081712224,0.0002793792346054147
14.290619773976225,68.07531144928254,47.93413137607665,68.07533030474174,47.93409871742767,1.885545920288223e-05,3.265864897628035e-05,5.1514108179162577e-05
14.326607609352896,68.11063378546875,47.94492695805995,68.11063365057693,47.9449271916997,1.3489182038028957e-07,2.33639745772507e-07,3.685315661527966e-07
14.36259544472957,68.14584348323044,47.9559176357303,68.14586303813292,47.95588376560872,1.9554902479512748e-05,3.38701215838455e-05,5.342502406335825e-05
14.39858328010624,68.18101132934524,47.966980802658505,68.18101782870525,47.96696954542446,6.499360011957833e-06,1.125723404271639e-05,1.7756594054674224e-05
14.434571115482912,68.21608916050506,47.97819988023227,68.21609739100037,47.97818562458066,8.230495311067898e-06,1.425565160673159e-05,2.2486146917799488e-05
14.470558950859585,68.25106595203273,47.98959396377345,68.25110110122597,47.989533083518516,3.5149193237771215e-05,6.088025493511395e-05,9.602944817288517e-05
14.506546786236257,68.28597347735696,48.00110802002912,68.28602834318067,48.001012989531176,5.486582371361237e-05,9.503049794545859e-05,0.00014989632165907096
14.542534621612928,68.32087533433479,48.01263189415948,68.3208785083432,48.01262639660963,3.1740084125431167e-06,5.497549850019823e-06,8.67155826256294e-06
14.578522456989601,68.35563250438334,48.02440637367593,68.35565099596057,48.024374345289694,1.849157723654571e-05,3.20283862365045e-05,5.051996347305021e-05
14.614510292366273,68.39032301481018,48.03629631116998,68.39034521313575,48.03625786250029,2.2198325567046595e-05,3.844866968449878e-05,6.064699525154538e-05
14.650498127742944,68.42495954236537,48.04827974984246,68.42496057491446,48.04827796141302,1.0325490933382753e-06,1.7884294365444475e-06,2.820978529882723e-06
14.686485963119615,68.45946640753074,48.060487770606954,68.45949650437134,48.06043564129301,3.0096840603732744e-05,5.212931394282805e-05,8.222615454656079e-05
14.722473798496289,68.49390999973244,48.07280538347887,68.49395243269528,48.07273188735112,4.243296284300868e-05,7.349612775442438e-05,0.00011592909059743306
14.75846163387296,68.52829181695307,48.085229993873334,68.52832779927395,48.0851676705974,3.5982320881089436e-05,6.23232759338066e-05,9.830559681489603e-05
14.794449469249631,68.56250384459396,48.09794868876738,68.56262205177768,48.097743947695996,0.00011820718371780004,0.00020474107138568343,0.00032294825510348346
14.830437304626304,68.59671587223485,48.11066738366142,68.59683464624234,48.110461660821386,0.00011877400748971922,0.00020572284003606,0.00032449684752577923
14.866425140002976,68.63092789987574,48.12338607855546,68.63096504715166,48.12332173751601,3.714727591841438e-05,6.434103945451852e-05,0.0001014883153729329
14.902412975379647,68.66499276777411,48.136359661878465,68.6650127275185,48.13632509054934,1.9959744392394896e-05,3.457132912387806e-05,5.4531073516272954e-05
14.938400810756319,68.6989744931268,48.149477252471975,68.69897716896547,48.14947261777838,2.6758386724168304e-06,4.634693596017314e-06,7.3105322684341445e-06
14.974388646132992,68.73280382109557,48.162858803365324,68.73285786180455,48.162765202009595,5.4040708974412155e-05,9.360135572933359e-05,0.00014764206470374575
15.010376481509663,68.76660064480276,48.17629665335264,68.76665430511602,48.17620371086234,5.3660313255932124e-05,9.294249029778712e-05,0.00014660280355371924
15.046364316886335,68.80035794778888,48.1898029553115,68.80036600682641,48.1897889966338,8.059037526209067e-06,1.3958677698155952e-05,2.201771522436502e-05
15.082352152263008,68.83394624211812,48.20360198917036,68.83399248378564,48.20352189616541,4.624166751909797e-05,8.009300494649096e-05,0.00012633467246558894
15.11833998763968,68.86753403928319,48.21740188414376,68.86753326184316,48.217403230710836,7.774400216931099e-07,1.3465670747336844e-06,2.1240070964267943e-06
15.15432782301635,68.90097028556076,48.231464273240626,68.90098787592345,48.231433805805466,1.759036268822456e-05,3.0467435159664547e-05,4.8057797847889105e-05
15.190315658393022,68.93435428733224,48.24561715257516,68.93435587010029,48.2456144111375,1.5827680499569396e-06,2.7414376546630592e-06,4.324205704619999e-06
15.226303493769695,68.9676277767131,48.259961445193966,68.96763679767032,48.25994582042068,9.020957222105608e-06,1.5624773283207105e-05,2.4645730505312713e-05
15.262291329146366,69.00080201232606,48.27447765056918,69.00083022122568,48.2744287912685,2.8208899621517958e-05,4.8859300683545825e-05,7.706820030506378e-05
15.298279164523038,69.0339281255695,48.289077206424324,69.03393571272558,48.289064065070164,7.587156076738211e-06,1.3141354159529328e-05,2.072851023626754e-05
15.334266999899711,69.06695022076583,48.30385692701852,69.066952853567,48.30385236686815,2.6328011699661147e-06,4.560150372867611e-06,7.192951542833725e-06
15.370254835276382,69.09985395069715,48.31884166248924,69.09988123465448,48.31879440523737,2.7283957322765673e-05,4.7257251871712924e-05,7.45412091944786e-05
15.406242670653054,69.13271152680775,48.333906338809626,69.13272045646879,48.33389087216614,8.929661035494973e-06,1.546664348950344e-05,2.4396304524998413e-05
15.442230506029725,69.16546228123588,48.349156035913275,69.16547012913483,48.34914244293871,7.84789895647009e-06,1.3592974568155114e-05,2.1440873524625204e-05
15.478218341406398,69.19811800349696,48.36457033373818,69.19812987248835,48.36454977601961,1.1868991393271244e-05,2.055771857101263e-05,3.242670996428387e-05
15.51420617678307,69.23069824693182,48.38011536486761,69.23069931614175,48.38011351293967,1.069209929482895e-06,1.8519279407769318e-06,2.9211378702598267e-06
15.550194012159741,69.26317301640509,48.39584308245672,69.26317809954885,48.395834278183834,5.083143761908104e-06,8.804272887630304e-06,1.3887416649538409e-05
15.586181847536414,69.29552403837793,48.41178513723772,69.29556587206875,48.41171267908071,4.183369081545152e-05,7.245815701395486e-05,0.00011429184782940638
15.622169682913086,69.32776524530988,48.42791739745652,69.32786229302842,48.427749305693844,9.704771854046612e-05,0.00016809176267429393,0.00026513948121476005
15.658157518289757,69.36000645224182,48.44404965767531,69.36006703178451,48.443944730714975,6.0579542690675225e-05,0.00010492696033281845,0.00016550650302349368
15.694145353666428,69.39217259513111,48.46031193277163,69.39217976778396,48.46029950935892,7.172652843223659e-06,1.2423412712792015e-05,1.9596065556015674e-05
15.730133189043102,69.42419789517567,48.47681815509707,69.42420019062357,48.47681417926036,2.29544789931424e-06,3.975836712299952e-06,6.271284611614192e-06
15.766121024419773,69.4561044659081,48.493530022847835,69.45612800010854,48.493489260372485,2.3534200437325126e-05,4.076247535067523e-05,6.429667578800036e-05
15.802108859796444,69.48796041832159,48.51032956419443,69.48796290630993,48.51032525486752,2.487988339794356e-06,4.309326911311473e-06,6.797315251105829e-06
15.838096695173117,69.51967567777301,48.5273727931655,69.519704629621,48.52732264703908,2.895184799456274e-05,5.0146126419292614e-05,7.909797441385535e-05
15.874084530549789,69.55118601749885,48.54477095389995,69.55135290081247,48.54448190320645,0.0001668833136250214,0.0002890506934960513,0.0004559340071210727
15.91007236592646,69.58269635722469,48.5621691146344,69.5829074610867,48.561803471620806,0.00021110386201428355,0.00036564301359476303,0.0005767468756090466
15.946060201303132,69.61420669695055,48.57956727536885,69.61436806213072,48.57928778237328,0.00016136518017617618,0.00027949299557405993,0.0004408581757502361
15.982048036679805,69.64571703667639,48.596965436103304,69.64573446616818,48.59693524730504,1.7429491791176588e-05,3.0188798262997807e-05,4.7618290054174395e-05
16.018035872056476,69.67700234822642,48.61475335749663,69.67700644601011,48.61474625991933,4.09778368748448e-06,7.097577302772606e-06,1.1195360990257086e-05
16.054023707433146,69.70814327759842,48.63279135643085,69.70818378510465,48.63272119529543,4.05075062275273e-05,7.016113541880031e-05,0.00011066864164632761
16.09001154280982,69.73915151209478,48.651059189882346,69.73926627758549,48.65086041000463,0.00011476549070721376,0.0001987798777136618,0.00031354536842087555
16.125999378186492,69.77015974659115,48.66932702333384,69.77025372831926,48.66916424202818,9.398172811359018e-05,0.00016278130566149684,0.000256763033775087
16.161987213563165,69.8011401597067,48.687643044883,69.80114595295174,48.68763301067731,5.793245037466477e-06,1.0034205693898457e-05,1.5827450731364934e-05
16.19797504893984,69.83193966063237,48.70627241587862,69.83194277795288,48.706267016515234,3.117320503065457e-06,5.399363388391976e-06,8.516683891457433e-06
16.233962884316508,69.86264217764084,48.725069768129615,69.86264404066061,48.72506654128118,1.8630197757829592e-06,3.2268484346786863e-06,5.0898682104616455e-06
16.269950719693178,69.89324722009796,48.74403595144017,69.8932495893236,48.74403184781651,2.3692256405638545e-06,4.103623659545974e-06,6.472849300109829e-06
16.30593855506985,69.92372976825074,48.763214301340994,69.92375928314262,48.7631631799929,2.9514891878079652e-05,5.112134809337476e-05,8.063623997145442e-05
16.341926390446524,69.95417181266774,48.7824628058466,69.95417299231084,48.78246076264258,1.1796431067523372e-06,2.043204020196754e-06,3.222847126949091e-06
16.377914225823197,69.98448605661723,48.801932667496665,69.98449059805294,48.80192480149069,4.541435714600084e-06,7.866005972800849e-06,1.2407441687400933e-05
16.413902061199867,70.014686544026,48.8215995614699,70.0147119926629,48.82155548308973,2.5448636890246235e-05,4.407838017073118e-05,6.952701706097741e-05
16.44988989657654,70.04483512228397,48.841356364827845,70.04483707954064,48.84135297475615,1.957256671403229e-06,3.390071697140229e-06,5.347328368543458e-06
16.48587773195321,70.07485558014069,48.8613350794723,70.0748657732274,48.86131742450899,1.0193086708909505e-05,1.7654963308189053e-05,2.7848050017098558e-05
16.521865567329883,70.10479338485138,48.8814569537213,70.10479799943991,48.881448961010804,4.614588533513597e-06,7.99271049345407e-06,1.2607299026967667e-05
16.557853402706556,70.1345955343995,48.901813789860526,70.13463369510328,48.90174769351061,3.8160703780931726e-05,6.609634991860958e-05,0.0001042570536995413
16.59384123808323,70.16437266641964,48.922213957676554,70.16437280838271,48.922213711789034,1.4196307063230051e-07,2.4588752012277837e-07,3.878505907550789e-07
16.6298290734599,70.19398435897554,48.94290067536287,70.19401529871384,48.942847086105694,3.0939738294932795e-05,5.3589257177577565e-05,8.452899547251036e-05
16.665816908836568,70.22355625730353,48.96365631874895,70.22356113683189,48.96364786714869,4.879528361811936e-06,8.45160026585745e-06,1.3331128627669386e-05
16.70180474421324,70.2530023352167,48.984629889723905,70.25301030479962,48.984616085986325,7.969582910050121e-06,1.3803737580531106e-05,2.1773320490581227e-05
16.737792579589915,70.28233447578118,49.005800806190955,70.2823627960338,49.00575175402105,2.8320252610569696e-05,4.905216990636063e-05,7.737242251693033e-05
16.773780414966588,70.3115114961477,49.02724039901532,70.31161861533064,49.02705486294559,0.00010711918294248335,0.00018553606972915304,0.0002926552526716364
16.809768250343257,70.3406885165142,49.048679991839684,70.34077777888977,49.048525384701335,8.926237556750038e-05,0.00015460713834869466,0.00024386951391619505
16.84575608571993,70.36982767047597,49.07018517127254,70.369840314337,49.07016327143895,1.2643861026617742e-05,2.1899833591021434e-05,3.4543694617639176e-05
16.8817439210966,70.39875447690643,49.09205814781973,70.3988062607457,49.09196845548123,5.178383926818242e-05,8.969233849853708e-05,0.0001414761777667195
16.917731756473273,70.42767479013456,49.11394237093552,70.42767566865709,49.11394084928821,8.785225276142228e-07,1.521647305935403e-06,2.4001698335496258e-06
16.953719591849946,70.45644585923893,49.13608509273844,70.45644860009888,49.136080345424574,2.740859954997177e-06,4.74731386645999e-06,7.488173821457167e-06
16.98970742722662,70.48512354647332,49.15838955686113,70.48512512860293,49.15838681652926,1.5821296130980045e-06,2.7403318725305326e-06,4.322461485628537e-06
17.02569526260329,70.513703223108,49.180863780507394,70.51370533922142,49.180860115287445,2.1161134213798505e-06,3.6652199497666516e-06,5.781333371146502e-06
17.06168309797996,70.5421710022655,49.20353181648083,70.54218932854167,49.20350007440476,1.8326276162383692e-05,3.174207607514745e-05,5.0068352237531144e-05
17.097670933356632,70.57053052327093,49.22638736127856,70.57057720469979,49.22630650658381,4.6681428855777085e-05,8.085469475105356e-05,0.00012753612360683064
17.133658768733305,70.59886619896146,49.2492842074183,70.59886908739279,49.24927920450302,2.888431325231977e-06,5.002915280272191e-06,7.891346605504168e-06
17.16964660410998,70.62706530377031,49.27241760152199,70.62706510788956,49.27241794079778,1.9588074451348803e-07,3.3927579323744794e-07,5.35156537750936e-07
17.20563443948665,70.65516183281753,49.29572866225032,70.65516540904036,49.295722468043905,3.5762228378644068e-06,6.1942064135678265e-06,9.770429251432233e-06
17.24162227486332,70.68312729661343,49.31926673490066,70.68317014528503,49.31919251874345,4.284867159753958e-05,7.421615720915042e-05,0.00011706482880669
17.27761011023999,70.71089936933924,49.34313977107561,70.71107948265985,49.34282780531284,0.0001801133206100758,0.00031196576277636723,0.000492079083386443
17.313597945616664,70.73867144206505,49.36701280725057,70.73889359880303,49.366628020073335,0.00022215673797632007,0.00038478717723222644,0.0006069439152085465
17.349585780993337,70.76644351479086,49.39088584342553,70.76661268295885,49.39059283524387,0.00016916816798584478,0.0002930081816572283,0.0004621763496430731
17.38557361637001,70.79421558751666,49.414758879600484,70.79423693598044,49.414721902936236,2.1348463775439086e-05,3.697666424784529e-05,5.832512802328438e-05
17.42156145174668,70.82176232093077,49.43902221533807,70.82176657033122,49.43901485515255,4.249400447520202e-06,7.360185520610685e-06,1.1609585968130887e-05
17.457549287123353,70.84920033950881,49.46347385090069,70.84920181008499,49.46347130378527,1.4705761799405082e-06,2.5471154216916148e-06,4.017691601632123e-06
17.493537122500022,70.87654170486466,49.488092894937516,70.87654289092451,49.48809084061936,1.18605984766873e-06,2.0543181591392567e-06,3.240378006807987e-06
17.529524957876696,70.90376987558322,49.51290799805117,70.90379006013893,49.51287303733701,2.018455570862443e-05,3.496071416009272e-05,5.514526986871715e-05
17.56551279325337,70.93092569000886,49.53784842607714,70.9309435766197,49.537817445524595,1.7886610834239036e-05,3.0980552544690454e-05,4.886716337892949e-05
17.601500628630042,70.95799888877508,49.56293194877886,70.9580037108551,49.56292359668215,4.822080015287611e-06,8.35209671379289e-06,1.31741767290805e-05
17.63748846400671,70.9849670919142,49.58819732943967,70.98497074492349,49.5881910022351,3.653009287063469e-06,6.327204573608469e-06,9.980213860671938e-06
17.67347629938338,71.0118264911456,49.613651164202324,71.01184497248505,49.613619153548505,1.8481339452591783e-05,3.2010653818304036e-05,5.049199327089582e-05
17.709464134760054,71.03859945952816,49.63925470174987,71.03862669877228,49.6392075219436,2.7239244118959505e-05,4.717980627333418e-05,7.441905039229368e-05
17.745451970136727,71.06530943368588,49.66496734861442,71.06531624057902,49.6649555587168,6.8068931398101995e-06,1.178989761996263e-05,1.859679075977283e-05
17.7814398055134,71.09185807076862,49.69095943979489,71.09191392624807,49.690862695161044,5.585547944519931e-05,9.674463384357068e-05,0.00015260011328877
17.817427640890074,71.11828772463033,49.71715761618426,71.11842009565748,49.71692834258964,0.0001323710271492473,0.00022927359461988317,0.0003616446217691305
17.853415476266743,71.14471737849205,49.74335579257363,71.14483510020544,49.7431518923624,0.00011772171339430315,0.0002039002112326216,0.00032162192462692474
17.889403311643413,71.17114703235374,49.769553968962995,71.17115930279377,49.76953271591425,1.2270440024053642e-05,2.1253048743119507e-05,3.352348876717315e-05
17.925391147020086,71.19738478590726,49.796084526798786,71.19739307781,49.79607016478628,8.291902744872459e-06,1.4362012507262989e-05,2.2653915252135448e-05
17.96137898239676,71.22352331090515,49.822786953721995,71.22353681110808,49.82276357065909,1.3500202925342819e-05,2.3383062902837537e-05,3.6883265828180356e-05
17.997366817773433,71.24956094987735,49.84966412055812,71.2495908999877,49.8496122453887,2.9950110345566827e-05,5.187516941873582e-05,8.182527976430265e-05
18.033354653150102,71.27554489652881,49.87663428532317,71.27555575317218,49.87661548104474,1.0856643370971142e-05,1.880427843303778e-05,2.9660921804008922e-05
18.069342488526775,71.30143054404599,49.90377470936893,71.30143179078507,49.90377254995113,1.2467390888559748e-06,2.1594178036821177e-06,3.4061568925380925e-06
18.105330323903445,71.32713235394932,49.93123354984958,71.32721944432518,49.93108270472917,8.70903758567465e-05,0.0001508451204088601,0.00023793549626560662
18.141318159280118,71.35282580650532,49.95870686569623,71.35291915664037,49.95854517834304,9.335013504596645e-05,0.00016168735319155303,0.0002550374882375195
18.17730599465679,71.37851925906133,49.98618018154288,71.3785313818999,49.986159184147624,1.212283856943941e-05,2.0997395253630202e-05,3.312023382306961e-05
18.213293830033464,71.40401685755296,50.01399272694999,71.40405658556536,50.01392391593897,3.972801239626733e-05,6.88110110260709e-05,0.00010853902342233823
18.249281665410134,71.42936238227325,50.042068672142946,71.4294952443602,50.04183854800688,0.0001328620869429642,0.00023012413606693372,0.0003629862230098979
18.285269500786804,71.45470790699353,50.0701446173359,71.45484784623794,50.06990223519016,0.00013993924440569572,0.0002423821457355757,0.0003823213901412714
18.321257336163477,71.48005343171381,50.09822056252886,71.48011489034891,50.09811411293416,6.145863510198524e-05,0.00010644959469630066,0.0001679082297982859
18.35724517154015,71.5052971659317,50.126472814236074,71.50529688700563,50.12647329735071,2.789260662439119e-07,4.831146327433089e-07,7.620406989872208e-07
18.393233006916823,71.53038233404027,50.15499971080058,71.53039435764678,50.1549788852805,1.2023606515754182e-05,2.082552008175753e-05,3.284912659751171e-05
18.429220842293493,71.55539787474291,50.18364720570135,71.55540783479984,50.1836299543579,9.96005692854851e-06,1.7251343450652712e-05,2.7211400379201223e-05
18.465208677670166,71.58033188047706,50.21243592346423,71.58033786204223,50.212425563078135,5.981565166734981e-06,1.036038609214529e-05,1.6341951258880272e-05
18.501196513046835,71.60513296312035,50.241454871025134,71.60518499396125,50.24136475086683,5.203084089089316e-05,9.012015830478504e-05,0.0001421509991956782
18.53718434842351,71.629836123236,50.27064342556418,71.62994979611237,50.270446538152065,0.00011367287636687706,0.00019688741211609795,0.000310560288482975
18.57317218380018,71.65453928335164,50.29983198010323,71.6546328449764,50.299669926438696,9.356162476592544e-05,0.00016205366453192482,0.00025561528929785027
18.609160019176855,71.67923347402699,50.329036070185545,71.67923472791514,50.32903389838518,1.2538881577484062e-06,2.1718003679893627e-06,3.425688525737769e-06
18.645147854553525,71.70369203298768,50.35864828681479,71.70375604312567,50.35853741788264,6.401013799006705e-05,0.00011086893215406235,0.0001748790701441294
18.681135689930194,71.72808751806019,50.388369750742164,71.7281973995932,50.38817943013653,0.0001098815330067282,0.0001903206056326212,0.0003002021386393494
18.717123525306867,71.75248300313271,50.41809121466954,71.75255941704279,50.417958861750485,7.641391007950915e-05,0.0001323529190528916,0.00020876682913240074
18.75311136068354,71.776842755074,50.44787457026325,71.77684272588935,50.44787462081259,2.9184647587499057e-08,5.05493389368894e-08,7.973398652438846e-08
18.789099196060214,71.8010450541885,50.47793064245028,71.80104796718658,50.47792559698411,2.912998070314643e-06,5.045466174635749e-06,7.958464244950392e-06
18.825087031436887,71.82515000363136,50.50815532939866,71.82517579257433,50.50811066159046,2.5788942963345107e-05,4.4667808204224e-05,7.045675116756911e-05
18.861074866813556,71.84920027357214,50.538474724126125,71.84922686422472,50.53842866771459,2.6590652581148788e-05,4.605641153432316e-05,7.264706411547195e-05
18.897062702190226,71.87307836487187,50.56909234133317,71.8732018547869,50.56887845029277,0.0001234899150261981,0.0002138910403957084,0.0003373809554219065
18.9330505375669,71.89695645617162,50.59970995854022,71.89710144733039,50.599458826212626,0.00014499115876276392,0.00025113232759110815,0.00039612348635387207
18.969038372943572,71.92083454747137,50.630327575747266,71.92092633528705,50.63016859441356,9.178781567698024e-05,0.00015898133370484402,0.00025076914938182426
19.005026208320245,71.94467349742166,50.66101298783424,71.94467722239189,50.66100653598951,3.7249702273811636e-06,6.4518447331352036e-06,1.0176814960516367e-05
19.041014043696915,71.96835317542333,50.69197426732939,71.96835482262227,50.69197141429403,1.647198942578143e-06,2.8530353617384208e-06,4.500234304316564e-06
19.07700187907359,71.99189771829307,50.72316960799431,71.99195986013598,50.7230619750477,6.214184290342928e-05,0.00010763294660876,0.00016977478951218927
19.112989714450258,72.01540230505812,50.75443415473813,72.01549306920784,50.75427694644778,9.076414971787017e-05,0.00015720829034648887,0.00024797244006435903
19.14897754982693,72.03890689182316,50.785698701481955,72.03895519416511,50.78561503928029,4.830234195196681e-05,8.366220166777794e-05,0.00013196454361974475
19.184965385203604,72.06233271718774,50.81709966712188,72.06234698932143,50.81707494703424,1.427213368287994e-05,2.472008763731992e-05,3.899222132019986e-05
19.220953220580277,72.08566120606399,50.84866922468898,72.08566921890953,50.84865534601825,8.012845540861235e-06,1.387867073532334e-05,2.1891516276184575e-05
19.256941055956947,72.10891821461976,50.88036258993795,72.10892265701261,50.88035489547943,4.44239285002368e-06,7.694458524554193e-06,1.2136851374577873e-05
19.292928891333617,72.13210577176412,50.912176248691416,72.13210808749443,50.91217223772448,2.315730313284803e-06,4.010966939915761e-06,6.326697253200564e-06
19.32891672671029,72.15520506856261,50.94414277901497,72.15522630392798,50.944105998243096,2.1235365366578662e-05,3.678077187174722e-05,5.801613723832588e-05
19.364904562086963,72.17827368523902,50.97616244892674,72.17827810952306,50.976154785833614,4.424284043125226e-06,7.66309312894009e-06,1.2087377172065317e-05
19.400892397463636,72.20125856174992,51.00832716121804,72.2012643170524,51.00831719273086,5.755302481702529e-06,9.968487184153219e-06,1.5723789665855747e-05
19.43688023284031,72.2241649092227,51.04062788994165,72.2241857487765,51.04059179473628,2.0839553812379563e-05,3.609520537395383e-05,5.6934759186333395e-05
19.47286806821698,72.24703551382231,51.072990527205114,72.24704323636729,51.072977151350266,7.722544978605583e-06,1.3375854848618474e-05,2.1098399827224057e-05
19.50885590359365,72.26983371485485,51.10547857126224,72.26983762083046,51.10547180590666,3.905975603402112e-06,6.765355578863819e-06,1.067133118226593e-05
19.54484373897032,72.29256937479846,51.13807493978112,72.29256975242646,51.13807428570953,3.776279982048436e-07,6.54071591554839e-07,1.0316995897596826e-06
19.580831574346995,72.31523878949632,51.17078604855659,72.3152404905904,51.17078310217202,1.7010940780437522e-06,2.9463845763189056e-06,4.647478654362658e-06
19.616819409723668,72.33784946831366,51.20359889097233,72.33785070385048,51.20359675095745,1.2355368141925283e-06,2.140014878193597e-06,3.375551692386125e-06
19.652807245100337,72.3603972582027,51.236520660325986,72.3604012697454,51.23651371212263,4.011542699799975e-06,6.948203356671456e-06,1.0959746056471431e-05
19.68879508047701,72.38284543561566,51.26961496373749,72.38289307474031,51.26953245026315,4.763912464511577e-05,8.251347433940737e-05,0.00013015259898452314
19.72478291585368,72.40527340499692,51.30274426852482,72.40532701414172,51.302651414660964,5.3609144799793285e-05,9.285386385471384e-05,0.00014646300865450712
19.760770751230353,72.42770137437817,51.33587357331215,72.42770399201105,51.33586903943408,2.6176328731253307e-06,4.533878069423736e-06,7.151510942549066e-06
19.796758586607027,72.44995566231488,51.369303703514,72.45002492107702,51.36918374368824,6.925876213870197e-05,0.00011995982575996322,0.0001892185878986652
19.8327464219837,72.47220453102238,51.402743220106366,72.47229072264679,51.40259393167086,8.619162440481887e-05,0.00014928843550876536,0.00023548005991358423
19.86873425736037,72.4944533997299,51.43618273669873,72.49450232651598,51.436097992926925,4.8926786078595796e-05,8.474377180789361e-05,0.0001336705578864894
19.90472209273704,72.51662016623493,51.46976445863237,72.51666067087746,51.469694302457036,4.050464252713937e-05,7.015617533312479e-05,0.00011066081786026416
19.940709928113712,72.53866657132296,51.50355465288296,72.53876670222877,51.50338122087747,0.00010013090580685002,0.0001734320054893601,0.00027356291129621013
19.976697763490385,72.560712976411,51.537344847133554,72.56082137527875,51.53715709458229,0.00010839886775215746,0.00018775255126257662,0.0002961514190147341
20.01268559886706,72.58275938149903,51.571135041384146,72.58282565285258,51.57102025590748,6.627135354619895e-05,0.0001147854766685441,0.00018105683021474306
20.048673434243728,72.6047783915819,51.60497268522731,72.60478050579599,51.60496902329711,2.114214083803745e-06,3.6619302008489285e-06,5.776144284652673e-06
20.0846612696204,72.62668721307992,51.63900118150608,72.62668691287809,51.639001701471486,3.002018331699219e-07,5.199654040666246e-07,8.201672372365465e-07
20.12064910499707,72.64853455490038,51.67313616382619,72.6485458606932,51.67311658159724,1.1305792824600758e-05,1.9582228951264824e-05,3.088802177586558e-05
20.156636940373744,72.67035690217666,51.70731443801396,72.67035834356149,51.707311941459494,1.4413848248295835e-06,2.4965544653809957e-06,3.937939290210579e-06
20.192624775750417,72.6921252851726,51.74158618117909,72.69212536342845,51.74158604563583,7.825585157661408e-08,1.3554326017128915e-07,2.1379911174790323e-07
20.22861261112709,72.71382930719568,51.77596940094083,72.71384792976332,51.775937145672295,1.8622567637294196e-05,3.225526853611882e-05,5.0877836173413016e-05
20.26460044650376,72.73552891471033,51.810360266863796,72.73552705945643,51.8103634802613,1.8552538989524692e-06,3.2133975054193797e-06,5.068651404371849e-06
20.30058828188043,72.757158417645,51.8448725576136,72.7571637767153,51.84486327542142,5.3590703004147144e-06,9.28219218110371e-06,1.4641262481518424e-05
20.336576117257103,72.77875821267756,51.87943630401541,72.77875911295985,51.879434744679024,9.002822878301231e-07,1.5593363826837958e-06,2.459618670513919e-06
20.372563952633776,72.80030572216599,51.91409061173495,72.80031410671636,51.91407608925185,8.384550369555654e-06,1.4522483098744488e-05,2.2907033468300142e-05
20.40855178801045,72.82182311504334,51.94879708301191,72.82182980351048,51.94878549823438,6.6884671383604655e-06,1.1584777531936652e-05,1.8273244670297117e-05
20.444539623387122,72.84329545517818,51.98358158801309,72.84330725575913,51.98356114878504,1.1800580949739015e-05,2.043922804517706e-05,3.2239808994916075e-05
20.48052745876379,72.86474465169286,52.01840617898397,72.86474752266135,52.01840120631526,2.8709684869454577e-06,4.972668712355244e-06,7.843637199300701e-06
20.51651529414046,72.8861388863595,52.05332596677202,72.88615167008818,52.05330382468027,1.2783728678300577e-05,2.2142091751220505e-05,3.492582042952108e-05
20.552503129517135,72.90751680226435,52.088274019515424,72.90752077047141,52.08826714637169,3.968207053617334e-06,6.8731437323776845e-06,1.0841350785995019e-05
20.588490964893808,72.92885497158295,52.12329091544076,72.9288559026914,52.12328930271188,9.311084454566299e-07,1.6127288802181283e-06,2.543837325674758e-06
20.62447880027048,72.95014990202658,52.15838270337611,72.95015815196383,52.15836841405005,8.24993725245804e-06,1.4289326060179519e-05,2.253926331263756e-05
20.66046663564715,72.97142859541293,52.19350261475034,72.9714286097256,52.19350258996002,1.4312675489236426e-08,2.479031735447279e-08,3.9102992843709217e-08
20.696454471023824,72.99266747777367,52.228691480918826,72.99266837351955,52.22868992943976,8.957458845770816e-07,1.5514790661086408e-06,2.4472249506857224e-06
20.732442306400493,73.01386769139499,52.26394732338172,73.01387854687832,52.26392852111255,1.0855483324689885e-05,1.8802269174500452e-05,2.9657752499190337e-05
20.768430141777166,73.03504575235642,52.29924153541896,73.0350602392073,52.2992164434298,1.4486850872685864e-05,2.5091989158454453e-05,3.9578840031140317e-05
20.80441797715384,73.05621366142269,52.334553331073565,73.05621456566655,52.33455176487558,9.042438620099347e-07,1.5661979873016207e-06,2.4704418493115554e-06
20.840405812530513,73.07733547905795,52.3699449595156,73.07734264705175,52.3699325441726,7.1679938002944255e-06,1.2415343000782286e-05,1.9583336801076712e-05
20.876393647907182,73.09844577500776,52.40535654412396,73.09844560967443,52.40535683049003,1.6533333280221996e-07,2.863660668595003e-07,4.5169939966172024e-07
20.912381483283852,73.11952154616576,52.44082792749113,73.11952458524101,52.44082266365266,3.0390752527864606e-06,5.2638384673286964e-06,8.302913720115157e-06
20.948369318660525,73.14057157001972,52.47634390654571,73.14058071073119,52.47632807435175,9.140711469513008e-06,1.58321939593975e-05,2.4972905428910508e-05
20.9843571540372,73.16160980045827,52.51188031241725,73.1616151282753,52.51187108435738,5.327817035549742e-06,9.228059866472904e-06,1.4555876902022646e-05
21.02034498941387,73.18262672980217,52.54745361290722,73.18262898503086,52.54744970673229,2.2552286935706434e-06,3.906174931955775e-06,6.161403625526418e-06
21.056332824790545,73.20362089560521,52.58306634104956,73.20362343305821,52.58306194604722,2.5374529997179707e-06,4.395002335400022e-06,6.932455335117993e-06
21.092320660167214,73.22459676759803,52.61871075503522,73.2245996291954,52.618705798597766,2.861597366177193e-06,4.95643745068719e-06,7.818034816864383e-06
21.128308495543884,73.24555868161471,52.654379344971076,73.2455587349321,52.65437925262256,5.331739316716266e-08,9.234851461314975e-08,1.456659077803124e-07
21.164296330920557,73.26648797601702,52.690104433798034,73.26650191628282,52.69008028852304,1.3940265802148133e-05,2.414527499183805e-05,3.8085540793986183e-05
21.20028416629723,73.28741156590112,52.72583940315111,73.28743034365931,52.725806879084416,1.877775818570626e-05,3.2524066696737464e-05,5.1301824882443725e-05
21.236272001673903,73.30833515578523,52.76157437250419,73.30834519174199,52.7615569896982,1.0035956762521892e-05,1.7382805992838257e-05,2.741876275536015e-05
21.272259837050573,73.32924897448338,52.79732626606625,73.32924763935094,52.797328578586,1.3351324383847896e-06,2.312519747249553e-06,3.6476521856343425e-06
21.308247672427246,73.3501357878746,52.83312493424302,73.35013886931573,52.83311959702461,3.0814411218216264e-06,5.337218404122268e-06,8.418659525943895e-06
21.344235507803916,73.37102108236215,52.868926233241005,73.3710200683448,52.86892798957248,1.0140173429817878e-06,1.7563314713697764e-06,2.7703488143515642e-06
21.38022334318059,73.39188563521616,52.90476345784132,73.39189242689397,52.90475169429743,6.791677819251163e-06,1.1763543888321237e-05,1.85552217075724e-05
21.416211178557262,73.41275018807015,52.94060068244164,73.4127571390342,52.940588643005604,6.950964049678987e-06,1.2039436036559437e-05,1.8990400086238424e-05
21.452199013933935,73.43361474092414,52.976437907041955,73.43361540231872,52.9764367614717,6.613945799927023e-07,1.145570251992467e-06,1.8069648319851694e-06
21.488186849310605,73.45446777238313,53.01229508730559,73.45446841764941,53.012293969670374,6.452662830724876e-07,1.1176352145980673e-06,1.7629014976705548e-06
21.524174684687274,73.47531596375566,53.048160650854,73.4753173891425,53.048158182008855,1.4253868414471071e-06,2.4688451460974647e-06,3.894231987544572e-06
21.560162520063948,73.49616315191469,53.084027952021074,73.49616352399366,53.084027307560675,3.7207897207736096e-07,6.444603997124432e-07,1.0165393717898041e-06
21.59615035544062,73.51700846454433,53.11989850170387,73.51700803234229,53.11989925030058,4.3220204304361687e-07,7.485967046250153e-07,1.1807987476686321e-06
21.632138190817294,73.53785270041443,53.15577091639096,73.53785212713535,53.15577190934053,5.732790810952793e-07,9.929495661253895e-07,1.5662286472206688e-06
21.668126026193963,73.55869793669406,53.191641598316004,73.55869702399043,53.19164317916678,9.127036264544586e-07,1.5808507782821835e-06,2.493554404736642e-06
21.704113861570637,73.57954657711325,53.22750638409197,73.57954394105829,53.227510949878045,2.636054958315981e-06,4.565786078103429e-06,7.20184103641941e-06
21.740101696947306,73.6003965823632,53.26336880590909,73.60039409888476,53.26337310742461,2.483478439785358e-06,4.3015155242187575e-06,6.784993964004116e-06
21.77608953232398,73.62125359430975,53.29921909175849,73.62124872027206,53.2992275338486,4.874037685453914e-06,8.44209011319208e-06,1.3316127798645994e-05
21.812077367700653,73.6421106062563,53.335069377607894,73.64210903013961,53.33507210752505,1.5761166878291988e-06,2.729917156329975e-06,4.306033844159174e-06
21.848065203077326,73.66297554387559,53.37090593577446,73.66297625538418,53.37090470340408,7.115085907116736e-07,1.2323703799665964e-06,1.94387897067827e-06
21.884053038453995,73.68385547545107,53.406716523618734,73.68385162473962,53.4067231932539,3.850711451036659e-06,6.669635169487265e-06,1.0520346620523924e-05
21.920040873830665,73.70473830412159,53.44252209354174,73.704736368636,53.44252544590478,1.935485585136121e-06,3.3523630378340386e-06,5.287848622970159e-06
21.956028709207338,73.72564029546709,53.47829447270188,73.72563171905831,53.47830932749383,8.576408774274569e-06,1.4854791949403534e-05,2.3431200723678103e-05
21.99201654458401,73.7465626906671,53.51403151131075,73.74653890940456,53.5140727017107,2.3781262541433534e-05,4.119039995487128e-05,6.497166249630482e-05
22.028004379960684,73.76748508586714,53.54976854991962,73.76745917434349,53.549813430044026,2.5911523650279378e-05,4.488012440617695e-05,7.079164805645632e-05
22.063992215337358,73.78840748106715,53.585505588528484,73.78839374967188,53.5855293720287,1.3731395270610847e-05,2.3783500218144127e-05,3.7514895488754973e-05
22.099980050714024,73.80934590949667,53.621214856738945,73.80934387217124,53.62121838549395,2.037325430137571e-06,3.528755001980244e-06,5.566080432117815e-06
22.135967886090697,73.83031329406901,53.65687397138415,73.83031077946428,53.656878326812055,2.51460473066345e-06,4.355427904556564e-06,6.870032635220014e-06
22.17195572146737,73.85130490248191,53.69249112906098,73.85129570987078,53.692507051147864,9.192611130970363e-06,1.5922086880948427e-05,2.511469801191879e-05
22.207943556844043,73.87230145396603,53.72809972507795,73.87229990226324,53.728102412708964,1.5517027946998496e-06,2.6876310101897616e-06,4.239333804889611e-06
22.243931392220716,73.89333648428135,53.763641673731584,73.89332459592197,53.7636622649965,1.1888359381373448e-05,2.05912649136053e-05,3.247962429497875e-05
22.27991922759739,73.91439942542901,53.79913527935274,73.91437103039006,53.79918446105656,2.8395038953021867e-05,4.9181703822398504e-05,7.757674277542037e-05
22.315907062974055,73.93546236657667,53.834628884973895,73.9354404453277,53.834666853732315,2.1921248972489593e-05,3.796875841999281e-05,5.98900073924824e-05
22.35189489835073,73.95653808035946,53.870100367717946,73.9565340803665,53.870107295916554,3.9999929697387415e-06,6.928198608591174e-06,1.0928191578329916e-05
22.387882733727402,73.97765972575516,53.90549229448798,73.9776531749632,53.90550364080486,6.550791965764802e-06,1.1346316881599705e-05,1.7897108847364507e-05
22.423870569104075,73.99881391188228,53.940827858996364,73.99879896825328,53.94085374214927,1.4943628997343694e-05,2.588315290807941e-05,4.0826781905423104e-05
22.459858404480748,74.01997326688672,53.976154470736844,74.01997269890424,53.97615545451243,5.679824823801027e-07,9.837755854391617e-07,1.5517580678192644e-06
22.49584623985742,74.04119892900133,54.011366235068316,74.04117560496857,54.01140663352215,2.332403275318029e-05,4.039845383374541e-05,6.37224865869257e-05
22.531834075234087,74.06244426510621,54.04654392301186,74.06240892373656,54.04660513612649,3.5341369652996946e-05,6.121311462692347e-05,9.655448427992042e-05
22.56782191061076,74.08368960121109,54.08172161095541,74.08367389158877,54.08174882084912,1.5709622317672256e-05,2.720989370885718e-05,4.2919516026529436e-05
22.603809745987434,74.10497646271212,54.11682737472456,74.10497174384841,54.11683554804517,4.718863706898446e-06,8.17332060876197e-06,1.2892184315660415e-05
22.639797581364107,74.12632533619309,54.1518257304766,74.12630371463347,54.15186318015726,2.1621559625373266e-05,3.7449680654333406e-05,5.907124027970667e-05
22.67578541674078,74.14771410962476,54.1867549774114,74.14767103670859,54.18682958197203,4.3072916170672215e-05,7.460456063057563e-05,0.00011767747680124785
22.711773252117446,74.16910288305642,54.22168422434618,74.16907494133694,54.22173262087678,2.7941719480395477e-05,4.839653060173532e-05,7.63382500821308e-05
22.74776108749412,74.19051844616894,54.25656707014203,74.19051665813187,54.25657016711645,1.7880370677403334e-06,3.096974417360343e-06,4.8850114851006765e-06
22.783748922870792,74.21201237398226,54.29131418414646,74.21199741490834,54.291340094050796,1.4959073922682364e-05,2.5909904337595435e-05,4.08689782602778e-05
22.819736758247466,74.23352403865741,54.32603057697151,74.2335184375344,54.326040278411746,5.601123007181741e-06,9.701440234266556e-06,1.5302563241448297e-05
22.85572459362414,74.25508475452231,54.36066201055107,74.2550809497825,54.36066860056091,3.804739819202041e-06,6.590009846263456e-06,1.0394749665465497e-05
22.891712429000812,74.27668828093195,54.39521929401113,74.27668617318075,54.39522294474728,2.1077512002420917e-06,3.650736154270362e-06,5.758487354512454e-06
22.927700264377478,74.29836304817206,54.429653184598585,74.29833532686405,54.42970119936493,2.7721308015316026e-05,4.801476634241908e-05,7.57360743577351e-05
22.96368809975415,74.3200588854601,54.464050580752755,74.3200296274253,54.464101257210835,2.9258034800250243e-05,5.067645808054522e-05,7.993449288079546e-05
22.999675935130824,74.34178917489872,54.49838830396654,74.34177028876651,54.49842101574279,1.888613221012747e-05,3.27117762495277e-05,5.159790845965517e-05
23.035663770507497,74.36361593606104,54.532558933071115,74.3635585219499,54.53265837733718,5.7414111140019486e-05,9.944426606267598e-05,0.00015685837720269546
23.07165160588417,74.38544269722335,54.56672956217569,74.38539553504904,54.566811249546895,4.7162174311665694e-05,8.168737120684e-05,0.0001288495455185057
23.107639441260844,74.40729019461158,54.60086427504423,74.40728253300006,54.60087754535911,7.661611519438338e-06,1.3270314880742262e-05,2.09319264001806e-05
23.14362727663751,74.42924592286815,54.634811526345324,74.4292207174528,54.63485518345298,2.5205415354889738e-05,4.365710765341646e-05,6.88625230083062e-05
23.179615112014183,74.45122356484019,54.66872082193643,74.4512112866221,54.66874208845721,1.2278218093797477e-05,2.1266520775498066e-05,3.354473886929554e-05
23.215602947390856,74.47327745014012,54.70249806006586,74.47325543513921,54.70253619120756,2.2015000908481852e-05,3.813114170014842e-05,6.014614260863027e-05
23.25159078276753,74.49535105847417,54.73624113686079,74.4953543539032,54.73623542900406,3.295429024774421e-06,5.707856729486593e-06,9.003285754261015e-06
23.287578618144202,74.51751109235006,54.76983452006287,74.51750922993257,54.76983774586813,1.8624174913384195e-06,3.2258052584666075e-06,5.088222749805027e-06
23.32356645352087,74.53972425334749,54.80333588429082,74.53972124621697,54.80334109279935,3.007130516152756e-06,5.208508532916767e-06,8.215639049069523e-06
23.35955428889754,74.5619930753353,54.83674084075025,74.56199158156903,54.83674342803213,1.4937662626834936e-06,2.5872818767425088e-06,4.081048139426002e-06
23.395542124274215,74.5843492618039,54.86999447732505,74.58432141047648,54.87004271729183,2.7851327416783533e-05,4.8239966780272425e-05,7.609129419705596e-05
23.431529959650888,74.60671717256497,54.90322780680747,74.60671190295432,54.90323693405083,5.269610653613199e-06,9.12724335933035e-06,1.439685401294355e-05
23.46751779502756,74.62919800415162,54.936265551469376,74.62916422439724,54.936324059784035,3.3779754375018456e-05,5.85083146589227e-05,9.228806903394116e-05
23.503505630404234,74.65167949264843,54.96930215832827,74.65167953543244,54.96930208422409,4.278400922430592e-08,7.410417879327724e-08,1.1688818801758316e-07
23.5394934657809,74.6742609107553,55.002165681836495,74.67425899177233,55.00216900561611,1.918982960091853e-06,3.323779615982403e-06,5.242762576074256e-06
23.575481301157573,74.69695918212894,55.03482680932885,74.69690374406785,55.03492283097208,5.543806108221361e-05,9.602164323041507e-05,0.00015145970431262867
23.611469136534247,74.71966864176557,55.067468558160115,74.71961493776188,55.06756157632455,5.3704003690313584e-05,9.301816443496591e-05,0.0001467221681252795
23.64745697191092,74.74239763350755,55.1000764763556,74.74239371294297,55.10008326698008,3.920564580539576e-06,6.790624475172535e-06,1.0711189055712111e-05
23.683444807287593,74.76524905782766,55.132472334873924,74.76524120419941,55.13248593777193,7.853628247289635e-06,1.360289800800274e-05,2.1456526255292374e-05
23.71943264266426,74.78820470491412,55.164687674068674,74.78815854047366,55.16476763331228,4.6164440462348466e-05,7.99592436067087e-05,0.00012612368406905716
23.755420478040932,74.81116035200058,55.19690301326342,74.81114684491708,55.19692640824385,1.3507083508557116e-05,2.3394980424029654e-05,3.690206393258677e-05
23.791408313417605,74.83422340361889,55.22893232214909,74.83420723474498,55.22896032749074,1.616887391264754e-05,2.8005341647485693e-05,4.4174215560133234e-05
23.82739614879428,74.85738371678262,55.26079316891266,74.85734082109227,55.260867466508856,4.2895690356203886e-05,7.429759619270726e-05,0.00011719328654891115
23.86338398417095,74.88055153354078,55.29264101905526,74.88054870886917,55.29264591153536,2.8246716112789727e-06,4.892480099272234e-06,7.717151710551207e-06
23.899371819547625,74.90383174365519,55.32429419798205,74.90383199661771,55.324293759837616,2.529625220404341e-07,4.3814443273504367e-07,6.911069547754778e-07
23.93535965492429,74.92724786885533,55.355711964817935,74.92719177636843,55.355809119961165,5.6092486900638505e-05,9.715514323005436e-05,0.00015324763013069287
23.971347490300964,74.95068078730897,55.38710064485386,74.95062913349759,55.387190111977176,5.165381138283465e-05,8.946712331692197e-05,0.00014112093469975662
24.007335325677637,74.97417656454869,55.41838045015977,74.97414514658487,55.41843486772873,3.141796381100903e-05,5.441756895407934e-05,8.583553276508837e-05
24.04332316105431,74.99783119131713,55.449385119711025,74.99774088727165,55.44954153107658,9.030404548582283e-05,0.0001564113655518895,0.00024671541103771233
24.079310996430983,75.02148581808557,55.480389789262276,75.02141742011955,55.48050825814379,6.839796601809667e-05,0.00011846888151723078,0.00018686684753532745
24.115298831807657,75.04518690654506,55.51131398471623,75.04517580246986,55.511333217559624,1.1104075198886676e-05,1.9232843392558152e-05,3.0336918591444828e-05
24.151286667184323,75.0690231784631,55.542004035296145,75.06901708430314,55.54201459070232,6.094159957115153e-06,1.0555406177559234e-05,1.6649566134674387e-05
24.187274502560996,75.09294092568285,55.572552966359964,75.09294230809974,55.57255057194107,1.3824168831888528e-06,2.394418892492922e-06,3.776835775681775e-06
24.22326233793767,75.1169627149563,55.602921691104086,75.11695250870058,55.60293936887684,1.0206255723232971e-05,1.7677772753188492e-05,2.7884028476421463e-05
24.259250173314342,75.1410552930141,55.63316780594332,75.14104871316874,55.63317920258223,6.579845361898151e-06,1.139663890370457e-05,1.797648426560272e-05
24.295238008691015,75.16523692345822,55.663259677356656,75.16523194065165,55.66326830784023,4.98280657268424e-06,8.630483570470915e-06,1.3613290143155155e-05
24.33122584406768,75.1895040884198,55.6932033984783,75.18950320224374,55.693204933381914,8.861760534273344e-07,1.5349036104339575e-06,2.421079663861292e-06
24.367213679444355,75.21387863067677,55.72296113646583,75.21386350085005,55.722987342123005,1.5129826721249628e-05,2.620565717847967e-05,4.13354838997293e-05
24.403201514821028,75.23832821090554,55.75258890473193,75.23831383105016,55.75261381139919,1.4379855372226302e-05,2.490666726373547e-05,3.9286522635961774e-05
24.4391893501977,75.26285953759748,55.782075083815975,75.26285517896311,55.78208263320038,4.358634370760228e-06,7.549384406502213e-06,1.1908018777262441e-05
24.475177185574374,75.28750059312996,55.81137120676579,75.28748852211282,55.81139211440361,1.2071017138737261e-05,2.090763781836813e-05,3.297865495710539e-05
24.511165020951047,75.31221853747614,55.840534154238476,75.3122148292943,55.840540577004816,3.7081818362594277e-06,6.42276634010841e-06,1.0130948176367838e-05
24.547152856327713,75.33703755848606,55.869522031603076,75.33703506044071,55.869526358349255,2.4980453474654496e-06,4.3267461791174355e-06,6.824791526582885e-06
24.583140691704386,75.36197569477632,55.898303595025105,75.36195016649094,55.898347811360644,2.552828537716323e-05,4.421633553874926e-05,6.974462091591249e-05
24.61912852708106,75.38697531530461,55.926978664506784,75.38696108925816,55.927003304768924,1.4226046445742213e-05,2.4640262139996594e-05,3.886630858573881e-05
24.655116362457733,75.41212185404423,55.95539926390429,75.41206876129911,55.955491223336686,5.309274511944295e-05,9.195943239603821e-05,0.00014505217751548116
24.691104197834406,75.43743925447079,55.98352392185605,75.43727410578416,55.98380996808418,0.00016514868663364268,0.0002860462281333298,0.0004511949147669725
24.72709203321108,75.46275665489736,56.0116485798078,75.46257803636824,56.01195795651293,0.00017861852911948972,0.0003093767051325358,0.0004879952342520255
24.763079868587745,75.48807405532392,56.03977323775955,75.48798145706259,56.03993362282784,9.259826133245497e-05,0.00016038506829119115,0.0002529833296236461
24.79906770396442,75.51355728234267,56.06761067531501,75.51348526210737,56.06773541815784,7.202023530794577e-05,0.0001247428428285957,0.00019676307813654148
24.83505553934109,75.5392422627282,56.09509866540739,75.53909033584515,56.09536181077497,0.00015192688304921376,0.00026314536757610085,0.0004150722506253146
24.871043374717765,75.56492724311371,56.12258665549978,75.56479755259528,56.122811286312036,0.0001296905184346997,0.00022463081225509995,0.00035432133068979965
24.907031210094438,75.59061222349924,56.15007464559216,75.59060777652924,56.15008234797855,4.44696999579719e-06,7.702386383812154e-06,1.2149356379609344e-05
24.943019045471104,75.6165783116521,56.1770757422179,75.61652186154677,56.177173516775106,5.645010533328332e-05,9.777455720438866e-05,0.00015422466253767197
24.979006880847777,75.64255201873908,56.20406364244825,75.6425406511531,56.20408333170622,1.1367585983634854e-05,1.968925797513066e-05,3.105684395876551e-05
25.01499471622445,75.66867214559826,56.23079793591722,75.66866497833703,56.23081034999137,7.167261230733857e-06,1.241407415619733e-05,1.9581335386931187e-05
25.050982551601123,75.69490068763459,56.25734444858622,75.6948956654501,56.2573531472744,5.022184481617842e-06,8.69868818398345e-06,1.3720872665601291e-05
25.086970386977796,75.72124963037581,56.28368242088954,75.72123352408659,56.28371031783123,1.6106289223216663e-05,2.789694168825463e-05,4.400323091147129e-05
25.12295822235447,75.74768019574186,56.30987901850535,75.74767935496462,56.30988047477583,8.407772469354313e-07,1.4562704819809369e-06,2.2970477289163682e-06
25.158946057731136,75.77424043222851,56.33585101890696,75.7742339478084,56.33586225026431,6.484420111974032e-06,1.1231357355256932e-05,1.7715777467230964e-05
25.19493389310781,75.80089746462045,56.36165536369976,75.80089808123122,56.3616542956974,6.166107766603091e-07,1.0680023621034707e-06,1.6846131387637797e-06
25.230921728484482,75.82768589124711,56.38723212675388,75.82767252261982,56.387255281920844,1.336862729317545e-05,2.3155166964272667e-05,3.652379425744812e-05
25.266909563861155,75.85456305208716,56.41265519747438,75.85455802801957,56.4126638994242,5.024067590397863e-06,8.701949823830546e-06,1.3726017414228409e-05
25.30289739923783,75.88156260228054,56.43786628338534,75.88155534202092,56.43787885853758,7.2602596219439874e-06,1.2575152240401621e-05,1.983541186234561e-05
25.338885234614494,75.90870862070591,56.462823678599975,75.90866519764687,56.46289888962651,4.3423059040037515e-05,7.521102653385014e-05,0.00011863408557388766
25.374873069991168,75.93588841041917,56.487722580164366,75.93588831624157,56.48772274328491,9.41775937235434e-08,1.6312054640366114e-07,2.5729814012720453e-07
25.41086090536784,75.96323323100177,56.51233563956637,75.96322540736008,56.51234919052605,7.823641681170557e-06,1.3550959678809704e-05,2.137460135998026e-05
25.446848740744514,75.9906814924563,56.53676953392713,75.99067716865923,56.53677702297151,4.323797071492663e-06,7.4890443855224476e-06,1.181284145701511e-05
25.482836576121187,76.01824682266447,56.56100065903742,76.01824428578973,56.561005053038166,2.5368747316178997e-06,4.3940007472542675e-06,6.930875478872167e-06
25.51882441149786,76.0459303540558,56.58502705346959,76.04592743228933,56.58503211412306,2.9217664661018716e-06,5.060653471389287e-06,7.982419937491159e-06
25.554812246874526,76.07379448651301,56.60874063733844,76.07372726947739,56.6088570607863,6.721703562106995e-05,0.00011642344785656178,0.00018364048347763173
25.5908000822512,76.1016955508809,56.6323902531918,76.10164444635036,56.63247876893176,5.110453054157915e-05,8.851573996082607e-05,0.00013962027050240522
25.626787917627873,76.12970126841232,56.65585860425099,76.12967959947883,56.65589613598568,2.1668933484875197e-05,3.7531734690787744e-05,5.920066817566294e-05
25.662775753004546,76.15783361225438,56.6791076318673,76.15783335290553,56.679108081073174,2.593488517277365e-07,4.4920587072283524e-07,7.085547224505717e-07
25.69876358838122,76.18612250633603,56.702085506218864,76.18610631804472,56.702113545192475,1.618829131189159e-05,2.8038973610478024e-05,4.4227264922369613e-05
25.734751423757892,76.21461159678177,56.72471662991804,76.2144990935829,56.72491149138707,0.00011250319886357829,0.00019486146902636392,0.0003073646678899422
25.770739259134558,76.24317560822081,56.747217986508666,76.24301226538067,56.74750090491549,0.00016334284013908018,0.0002829184068247059,0.0004462612469637861
25.80672709451123,76.27173961965985,56.76971934309929,76.271646406376,56.76988079341901,9.321328386135974e-05,0.00016145031972314428,0.000254663603584504
25.842714929887904,76.30043991113352,56.79198465548836,76.30040207648874,56.79205018708691,3.7834644786016725e-05,6.553159854405521e-05,0.00010336624333007194
25.878702765264578,76.32932134116064,56.81393622635736,76.32927982252653,56.814008138819545,4.1518634105841556e-05,7.191246218241076e-05,0.00011343109628825232
25.91469060064125,76.35829854203577,56.83572191707073,76.35828017809202,56.83575372438904,1.8363943752319756e-05,3.180731831520234e-05,5.017126206752209e-05
25.950678436017917,76.38742534630792,56.85724848681677,76.38740366349136,56.857286042597686,2.1682816566226393e-05,3.7555780913578474e-05,5.9238597479804866e-05
25.98666627139459,76.4166849007356,56.87854512629786,76.41665078564424,56.878604215433874,3.411509136697077e-05,5.908913601615495e-05,9.320422738312573e-05
26.022654106771263,76.44607756533927,56.8996112119396,76.44602203799516,56.89970738822575,5.552734410230187e-05,9.617628614932983e-05,0.0001517036302516317
26.058641942147936,76.4755199965127,56.920591099259966,76.47551790042614,56.92059472979234,2.0960865612096313e-06,3.630532376064366e-06,5.726618937273997e-06
26.09462977752461,76.50520525393071,56.941150398728425,76.50513883917088,56.94126543259234,6.641475982860356e-05,0.00011503386391353843,0.000181448623742142
26.130617612901283,76.53489406141621,56.96170354929293,76.53488530673027,56.96171871287031,8.754685936196438e-06,1.5163577380405968e-05,2.3918263316602406e-05
26.16660544827795,76.5647949419359,56.981889378186516,76.56475774178944,56.98195381080053,3.720014646546588e-05,6.443261401756217e-05,0.00010163276048302805
26.202593283654622,76.59479957023275,57.00189551046286,76.59475656913612,57.00196999062826,4.300109662835894e-05,7.448016540223534e-05,0.00011748126203059428
26.238581119031295,76.62501840561622,57.021530624777064,76.6248821995806,57.02176654080845,0.00013620603562003453,0.00023591603138584105,0.0003721220670058756
26.274568954407968,76.65523724099968,57.04116573909126,76.65513502987703,57.041342774141945,0.00010221112265185184,0.00017703505068311642,0.00027924617333496826
26.31055678978464,76.68551984154445,57.06069040878585,76.68551544264638,57.06069802790912,4.398898070689938e-06,7.619123266522365e-06,1.2018021337212303e-05
26.346544625161314,76.71609915367945,57.07970115837025,76.71602380630068,57.079831664000864,7.534737876824238e-05,0.00013050563061511866,0.00020585300938336104
26.38253246053798,76.74671754792121,57.09864421568622,76.746660474969,57.098743069047025,5.707295220247488e-05,9.885336080373008e-05,0.00015592631300620496
26.418520295914654,76.77742784415801,57.11742809390378,76.77742578842475,57.11743165454211,2.055733261840942e-06,3.5606383264052965e-06,5.616371588246238e-06
26.454508131291327,76.80832765962693,57.135883714824196,76.80832007201468,57.13589685696847,7.587612245174569e-06,1.3142144275946066e-05,2.0729756521120635e-05
26.490495966668,76.8393658012554,57.154099747546866,76.83934363658925,57.15413813791665,2.2164666148682954e-05,3.839036978092736e-05,6.055503592961031e-05
26.526483802044673,76.870532492377,57.17209312577321,76.87049677843478,57.17215498420315,3.571394221069113e-05,6.185842993744473e-05,9.757237214813586e-05
26.56247163742134,76.90180701589236,57.18989973261108,76.90177977920698,57.189946907985444,2.723668538351376e-05,4.717537436249586e-05,7.441205974600962e-05
26.598459472798012,76.93342828447504,57.20710575871985,76.93319290586615,57.20751344687425,0.00023537860889177864,0.0004076881544037292,0.0006430667632955078
26.634447308174686,76.96504955305772,57.22431178482861,76.96473641061392,57.224854164043016,0.00031314244380098444,0.0005423792144085837,0.0008555216582095682
26.67043514355136,76.99667082164041,57.24151781093737,76.9964105308317,57.24196864833467,0.000260290808711261,0.0004508373973024504,0.0007111282060137114
26.706422978928032,77.02829209022309,57.258723837046134,77.02821548902057,57.258856514365576,7.660120252239722e-05,0.00013267731944210936,0.00020927852196450658
26.742410814304705,77.06015570168879,57.27551011251073,77.06015149274297,57.27551740262666,4.208945810546538e-06,7.290115931368746e-06,1.1499061741915284e-05
26.77839864968137,77.09224543558703,57.29190473200609,77.09221873456593,57.2919509795817,2.6701021099029276e-05,4.6247575610891545e-05,7.294859670992082e-05
26.814386485058044,77.12442074709753,57.30815112656731,77.12441739200592,57.30815693776279,3.3550916072044856e-06,5.811195478599984e-06,9.16628708580447e-06
26.850374320434717,77.15674820076742,57.324134002891014,77.15674762747545,57.324134995862906,5.732919703405059e-07,9.929718913781471e-07,1.566263861718653e-06
26.88636215581139,77.18929182182535,57.33974246590721,77.18920958823128,57.33988489882563,8.223359407111275e-05,0.0001424329184231965,0.00022466651249430925
26.922349991188064,77.22183544288328,57.35535092892341,77.22180340632421,57.355406417931945,3.2036559062476044e-05,5.5489008538245344e-05,8.752556760072139e-05
26.95833782656473,77.25453026533485,57.370697503157885,77.25452919855078,57.37069935088411,1.0667840655287364e-06,1.8477262244687154e-06,2.9145102899974518e-06
26.994325661941403,77.28738934046048,57.38575958310526,77.28738706640647,57.38576352188664,2.2740540117638375e-06,3.9387813757230106e-06,6.212835387486848e-06
27.030313497318076,77.3203812452318,57.40059159510652,77.32037709604064,57.40059878172427,4.149191155988774e-06,7.186617750676305e-06,1.1335808906665079e-05
27.06630133269475,77.35356544061486,57.415090549635075,77.35349935821324,57.41520500783703,6.608240161654066e-05,0.0001144582019563245,0.00018054060357286517
27.102289168071422,77.38680278544933,57.42949744651295,77.38675390825321,57.42958210439232,4.887719612156616e-05,8.46578793698427e-05,0.00013353507549140886
27.138277003448096,77.42016250398854,57.44369238568547,77.42014078601856,57.443730002353924,2.1717969971746243e-05,3.7616668450368707e-05,5.933463842211495e-05
27.17426483882476,77.45366438040621,57.45764109992113,77.45366001585829,57.45764865954812,4.3645479195220105e-06,7.559626986619605e-06,1.1924174906141616e-05
27.210252674201435,77.48733032042108,57.47130564736075,77.48731160657594,57.4713380607267,1.871384513663088e-05,3.2413365950390016e-05,5.1127211087020896e-05
27.246240509578108,77.52113572630877,57.48472863255919,77.521095551395,57.484798217626945,4.0174913763735276e-05,6.958506775589512e-05,0.0001097599815196304
27.28222834495478,77.55501282653647,57.49802743938263,77.55501182792598,57.49802916902862,9.986104885228997e-07,1.729645987325057e-06,2.7282564758479566e-06
27.318216180331454,77.58908595898421,57.51098670807059,77.58906039813536,57.511030980807824,2.5560848854411233e-05,4.427273723450753e-05,6.983358608891876e-05
27.354204015708127,77.62326065443061,57.523770064292805,77.62324120831616,57.5238037459878,1.944611445026112e-05,3.36816949939589e-05,5.312780944422002e-05
27.390191851084793,77.6577392877632,57.536026984079406,77.6575541890605,57.536347584786675,0.0001850987027012252,0.00032060070726913636,0.0005056994099703616
27.426179686461467,77.69221792109582,57.548283903866,77.69199925523384,57.54866264466206,0.0002186658619791615,0.0003787407960587075,0.000597406658037869
27.46216752183814,77.72669655442841,57.5605408236526,77.72657630595083,57.56074910035255,0.00012024847758596025,0.00020827669995071574,0.000328525177536676
27.498155357214813,77.76129294116629,57.572593788336015,77.76128522455343,57.57260715391612,7.716612856256688e-06,1.3365580102231434e-05,2.1082192958488122e-05
27.534143192591486,77.7961359148636,57.584219651411196,77.79612587859036,57.58423703476534,1.0036273238256399e-05,1.738335414103176e-05,2.741962737928816e-05
27.570131027968152,77.8311014779961,57.59563318312451,77.83109811979864,57.59563899969947,3.3581974605567666e-06,5.81657495501986e-06,9.174772415576626e-06
27.606118863344825,77.8662931902338,57.60665501267017,77.86620178408691,57.606813332933434,9.14061468932914e-05,0.00015832026326734194,0.00024972641016063335
27.6421066987215,77.90152564455079,57.617606274787526,77.90143669152052,57.61776034612353,8.895303027145474e-05,0.00015407133600575662,0.00024302436627721136
27.67809453409817,77.93680600972654,57.62847455277273,77.93680264630846,57.628480378390066,3.363418073831781e-06,5.8256173360859975e-06,9.189035409917778e-06
27.714082369474845,77.97233114807376,57.638918870726066,77.97229943679226,57.63897379633672,3.171128150825098e-05,5.492561065523205e-05,8.663689216348303e-05
27.750070204851518,78.0079278161455,57.64923929542711,78.0079268354365,57.64924099406677,9.807089895730314e-07,1.6986396644824708e-06,2.6793486540555023e-06
27.786058040228184,78.04372698256867,57.65920898231236,78.04368459882141,57.6592823931961,4.238374725673566e-05,7.341088374346327e-05,0.00011579463100019893
27.822045875604857,78.07960491378256,57.6690422444294,78.07957246763723,57.669098442862925,3.244614532604828e-05,5.619843352633325e-05,8.864457885238153e-05
27.85803371098153,78.11562204256111,57.67863440902913,78.11559016668032,57.67868961973443,3.187588079356374e-05,5.521070529823646e-05,8.70865860918002e-05
27.894021546358204,78.1518030539892,57.687942720243676,78.1517374048513,57.688056428010036,6.564913789475213e-05,0.00011370776635999391,0.00017935690425474604
27.930009381734877,78.18807622487174,57.697091406426594,78.18801387515505,57.69719939942155,6.234971668561684e-05,0.00010799299495545256,0.0001703427116410694
27.96599721711155,78.22444627819743,57.70607228711249,78.22441925470241,57.70611909322994,2.702349502214929e-05,4.680611744589669e-05,7.382961246804598e-05
28.001985052488216,78.26095374074573,57.71481516778377,78.26095320471399,57.71481609621899,5.360317487657085e-07,9.284352202598711e-07,1.4644669690255796e-06
28.03797288786489,78.29761741415699,57.723287483008505,78.29761537052568,57.723291022685636,2.0436313121763305e-06,3.5396771309592623e-06,5.583308443135593e-06
28.073960723241562,78.33449357498098,57.73139175883689,78.33440538159611,57.73154451442702,8.819338486887318e-05,0.00015275559012906115,0.00024094897499793433
28.109948558618235,78.37138677982877,57.73946651351788,78.37132285151608,57.739577240724294,6.392831268442478e-05,0.00011072720641180922,0.000174655519096234
28.14593639399491,78.40838676975616,57.74735631081371,78.40836737801969,57.74738989832316,1.9391736472584853e-05,3.358750945636757e-05,5.297924592895242e-05
28.181924229371575,78.44554235701709,57.7549766053283,78.44553854299753,57.754983211411165,3.8140195641744867e-06,6.606082862958829e-06,1.0420102427133315e-05
28.217912064748248,78.48294058187226,57.762176638743355,78.48283591251172,57.76235793159159,0.00010466936053887821,0.00018129284823231728,0.0002859622087711955
28.25389990012492,78.5203766198336,57.76931117786585,78.52025903681279,57.76951483785419,0.00011758302080977501,0.00020365998833682397,0.000321243009146599
28.289887735501594,78.55781265779494,57.776445716988356,78.55780745035855,57.7764547365426,5.207436387877351e-06,9.019554241262995e-06,1.4226990629140346e-05
28.325875570878267,78.5955182425525,57.78311338685543,78.59548067183479,57.783178461318364,3.757071770849052e-05,6.507446293113617e-05,0.00010264518063962669
28.36186340625494,78.63329293498659,57.789661358584986,78.63327820417794,57.789686873121816,1.4730808644003446e-05,2.5514536829973622e-05,4.024534547397707e-05
28.397851241631606,78.671203317891,57.795974307269375,78.67119953459955,57.79598086012953,3.78329144723466e-06,6.552860156716633e-06,1.0336151603951294e-05
28.43383907700828,78.70924773893607,57.802055094830735,78.70924413461282,57.80206133770855,3.6043232540805548e-06,6.242877816475811e-06,9.847201070556366e-06
28.469826912384953,78.74741522398818,57.80792272904676,78.74741146006086,57.80792924836724,3.763927324484939e-06,6.519320479014823e-06,1.0283247803499762e-05
28.505814747761626,78.78572581967258,57.81354248810613,78.785700951147,57.81358556170293,2.48685255712644e-05,4.30735967995588e-05,6.79421223708232e-05
28.5418025831383,78.82421148115064,57.81885902398539,78.82411203246697,57.81903127434618,9.944868367028903e-05,0.00017225036079082656,0.0002716990444611156
28.577790418514965,78.8626971426287,57.82417555986465,78.8626441130429,57.82426740990175,5.302958579989081e-05,9.185003710143747e-05,0.00014487962290132828
28.61377825389164,78.9013438977368,57.829213073087494,78.90129658635942,57.829295018886285,4.7311377372238894e-05,8.194579879017283e-05,0.00012925717616241172
28.64976608926831,78.94011230022487,57.834039886637726,78.94006883040142,57.834115178662685,4.346982345282413e-05,7.529202495959453e-05,0.00011876184841241866
28.685753924644985,78.9789713457059,57.83870970174752,78.97896020769397,57.838728993371134,1.1138011927869229e-05,1.9291623615913522e-05,3.042963554378275e-05
28.721741760021658,79.01797751259856,57.843124694819494,79.01797006534396,57.843137593856895,7.447254603221154e-06,1.2899037400870839e-05,2.0346292004091993e-05
28.75772959539833,79.05716189197085,57.84723101448543,79.05709773508374,57.84734213759477,6.415688710603717e-05,0.00011112310934180414,0.0001752799964478413
28.793717430774997,79.09639195093018,57.85125821469938,79.09634253331666,57.851343808610174,4.941761352483809e-05,8.559391079643319e-05,0.00013501152432127128
28.82970526615167,79.13570574856023,57.855140375122915,79.13570376116446,57.855143817397106,1.9873957626259653e-06,3.442274191911565e-06,5.4296699545375304e-06
28.865693101528343,79.17526250041249,57.858601726030514,79.17518070451663,57.85874340083257,8.179589585211033e-05,0.0001416748020588443,0.00022347069791095464
28.901680936905016,79.21482155677369,57.862059085407225,79.21477263408163,57.86214382208796,4.892269205925004e-05,8.473668073349927e-05,0.0001336593727927493
28.93766877228169,79.25450186269599,57.865306434154554,79.25447880544002,57.86534637053693,2.3057255972958046e-05,3.9936382378868984e-05,6.299363835182703e-05
28.973656607658363,79.29431355892515,57.86832620796649,79.29429845909955,57.86835236166017,1.5099825603215322e-05,2.6153693681862933e-05,4.1253519285078255e-05
29.00964444303503,79.33423761431428,57.87115136979237,79.33423082055197,57.871163136946684,6.793762310053353e-06,1.1767154312281036e-05,1.856091662233439e-05
29.045632278411702,79.37432385773822,57.873695613395064,79.37427510033199,57.87378006379205,4.875740623333513e-05,8.445039698301571e-05,0.00013320780321635084
29.081620113788375,79.41443160343844,57.87620261392213,79.41443049407785,57.87620453539315,1.1093605962742004e-06,1.9214710178516725e-06,3.030831614125873e-06
29.11760794916505,79.45470394264176,57.878424529828244,79.45469618259403,57.87843797063983,7.76004772262695e-06,1.3440811585496704e-05,2.1200859308123654e-05
29.15359578454172,79.49507455336237,57.88047623428773,79.49507133191565,57.88048181400319,3.2214467182711815e-06,5.579715462999957e-06,8.801162181271138e-06
29.189583619918388,79.53582012831743,57.88187848093357,79.53555509337491,57.882337535420625,0.00026503494251528537,0.0004590544870524127,0.0007240894295676981
29.22557145529506,79.57656570327248,57.88328072757941,79.57614660366923,57.884006630177666,0.0004190996032491512,0.0007259025982548906,0.0011450022015040418
29.261559290671734,79.61731127822755,57.88468297422526,79.61684498493142,57.885490618786534,0.00046629329612812853,0.0008076445612772432,0.0012739378574053717
29.297547126048407,79.6580568531826,57.8860852208711,79.65764934480165,57.88679104686148,0.0004075083809453872,0.000705825990380049,0.0011133343713254362
29.33353496142508,79.69880242813765,57.88748746751695,79.6985587765013,57.8879094849909,0.00024365163635309273,0.00042201747395154143,0.0006656691103046342
29.369522796801753,79.73957746056126,57.88883869227494,79.73957235890859,57.8888475286062,5.1016526754210645e-06,8.836331261363739e-06,1.3937983936784804e-05
29.40551063217842,79.78069952871843,57.88958883285456,79.78068915663626,57.88960679784746,1.0372082172693808e-05,1.796499290662723e-05,2.833707507932104e-05
29.441498467555093,79.821948863338,57.89011854121472,79.82190822011083,57.89018893742596,4.0643227166015095e-05,7.039621124249607e-05,0.00011103943840851116
29.477486302931766,79.86324141355281,57.89057339788658,79.86322858565394,57.89059561648341,1.2827898871137222e-05,2.2218596832601634e-05,3.5046495703738856e-05
29.51347413830844,79.90476653074829,57.89062543629226,79.9046492755654,57.89082852844807,0.0001172551828858559,0.00020309215580738282,0.0003203473386932387
29.549461973685112,79.94629164794378,57.89067747469795,79.9461692982081,57.89088939088762,0.0001223497356761527,0.00021191618967009163,0.00033426592534624433
29.585449809061785,79.98781676513926,57.890729513103636,79.9877876480948,57.89077994535904,2.91170444626232e-05,5.04322554064629e-05,7.95492998690861e-05
29.62143764443845,80.02952572613209,57.890463124364224,80.02950330597656,57.89050195725508,2.2420155531222008e-05,3.8832890858486735e-05,6.125304638970874e-05
29.657425479815124,80.07131562264223,57.890056551043784,80.07131523893334,57.89005721564782,3.837088939917521e-07,6.646040375812845e-07,1.0483129315730366e-06
29.693413315191798,80.11322236986244,57.8894475861358,80.11322240046592,57.88944753312896,3.060347353311954e-08,5.3006843359071354e-08,8.36103168921909e-08
29.72940115056847,80.155225717403,57.8886713043824,80.15522373059008,57.88867474564706,1.986812918630676e-06,3.4412646598980245e-06,5.4280775785287005e-06
29.765388985945144,80.1973231188483,57.887732116309564,80.19731815593228,57.88774071234166,4.962916023032449e-06,8.596032095908868e-06,1.3558948118941316e-05
29.80137682132181,80.23955213945507,57.886564956913105,80.23950458982722,57.8866473153743,4.754962785114003e-05,8.235846119220014e-05,0.00012990808904334017
29.837364656698483,80.2818675925194,57.88524809194543,80.28178193241723,57.88539645975644,8.566010217236908e-05,0.00014836781101479346,0.00023402791318716254
29.873352492075156,80.32418304558372,57.883931226977744,80.3241490707533,57.883990073174424,3.3974830429883696e-05,5.884619667995139e-05,9.282102710983509e-05
29.90934032745183,80.36660750505776,57.882425557164105,80.36660487889802,57.882430105811174,2.6261597412258197e-06,4.548647069668732e-06,7.174806810894552e-06
29.945328162828503,80.40915230975901,57.88071144307507,80.40914821803011,57.88071853016514,4.091728897037683e-06,7.087090068580437e-06,1.117881896561812e-05
29.981315998205176,80.45181366283286,57.87879546106291,80.4517779365509,57.87885734086594,3.5726281964798545e-05,6.187980303451468e-05,9.760608499931323e-05
30.017303833581842,80.49450346784378,57.876830198796355,80.49449287019229,57.876848554487225,1.0597651495913851e-05,1.8355690869498176e-05,2.8953342365412027e-05
30.053291668958515,80.53732531325701,57.87463623559489,80.53729184212673,57.87469420935637,3.3471130279849604e-05,5.7973761478535835e-05,9.144489175838544e-05
30.089279504335188,80.58017603592295,57.87239225546999,80.58017366307865,57.87239636536135,2.3728442926085336e-06,4.109891357018114e-06,6.4827356496266475e-06
30.12526733971186,80.6231382906916,57.869955095865734,80.62313713143773,57.86995710375453,1.1592538697868804e-06,2.007888795674262e-06,3.1671426654611423e-06
30.161255175088534,80.66618819013617,57.86736613106415,80.66618103337387,57.86737852695358,7.15676229390283e-06,1.239588942780756e-05,1.955265172171039e-05
30.1972430104652,80.70932214421576,57.86463157920525,80.70930414295385,57.86466275833947,1.8001261906874788e-05,3.117913421846197e-05,4.9180396125336756e-05
30.233230845841874,80.75251938205997,57.86178741653114,80.75250522225964,57.86181194205151,1.4159800329593963e-05,2.4525520366580622e-05,3.8685320696174585e-05
30.269218681218547,80.79582396874589,57.858757320006234,80.79578302150831,57.85882824277954,4.0947237579302964e-05,7.09227733040052e-05,0.00011187001088330817
30.30520651659522,80.83924102675279,57.85553241722644,80.83913627917377,57.85571384555321,0.00010474757901590692,0.00018142832676915077,0.0002861759057850577
30.341194351971893,80.8826580847597,57.85230751444665,80.88256372211004,57.85247095552852,9.436264966211638e-05,0.00016344108186672202,0.0002578037315288384
30.377182187348566,80.9260751427666,57.84908261166686,80.92606406567612,57.84910179777132,1.1077090491085073e-05,1.918610445983404e-05,3.0263194950919114e-05
30.413170022725232,80.96963690543492,57.84560707278794,80.96963601386257,57.84560861703823,8.915723554991928e-07,1.5442502885321119e-06,2.4358226440313047e-06
30.449157858101906,81.01330010092468,57.84195584691706,81.01327825941976,57.84199367755456,2.184150491757464e-05,3.783063750262272e-05,5.967214242019736e-05
30.48514569347858,81.05699047050207,57.838257554094426,81.05698948398751,57.83825926278962,9.865145642606876e-07,1.7086951942246742e-06,2.695209758485362e-06
30.521133528855252,81.10077345408313,57.834398848936914,81.10076835822649,57.83440767522915,5.095856636216922e-06,8.826292237529287e-06,1.392214887374621e-05
30.557121364231925,81.14461612313441,57.83043676539972,81.14461354195117,57.830441236145106,2.5811832387034883e-06,4.4707453881187575e-06,7.051928626822246e-06
30.593109199608598,81.18856301708695,57.82629415884118,81.18852368426431,57.82636228536272,3.9332822638016296e-05,6.812652154053467e-05,0.00010745934417855096
30.629097034985264,81.23252471359172,57.82212591348211,81.23249742369303,57.82217318102475,2.7289898682170133e-05,4.7267542640838656e-05,7.455744132300879e-05
30.665084870361937,81.27655575275679,57.81783756298123,81.27653338832636,57.8178762993533,2.2364430435573013e-05,3.8736372069081426e-05,6.110080250465444e-05
30.70107270573861,81.32065217770386,57.8134359608603,81.32063019595441,57.81347403440875,2.1981749455335375e-05,3.807354844553856e-05,6.005529790087394e-05
30.737060541115284,81.3648036922244,57.80893894069506,81.36478645420895,57.808968797846205,1.7238015445286692e-05,2.9857151147894e-05,4.709516659318069e-05
30.773048376491957,81.40907411190378,57.8042359705287,81.40900076070561,57.80436301866933,7.335119816787028e-05,0.00012704814062658443,0.0002003993387944547
30.809036211868623,81.45334453158316,57.799533000362345,81.45327170318745,57.79965914298154,7.282839570166288e-05,0.00012614261919452474,0.00019897101489618763
30.845024047245296,81.49761495126255,57.79483003019599,81.49759785967012,57.79485963373473,1.7091592425799718e-05,2.960353874215116e-05,4.6695131167950876e-05
30.88101188262197,81.54198516699417,57.78995420800818,81.54197779858833,57.789966970475376,7.3684058321532575e-06,1.2762467193283555e-05,2.0130873025436813e-05
30.916999717998642,81.58641312848005,57.78497836713094,81.58641007894391,57.784983649088225,3.0495361329485604e-06,5.281957285774297e-06,8.331493418722857e-06
30.952987553375316,81.63089819944086,57.779903609633635,81.63089325045527,57.77991218153747,4.948985591113342e-06,8.571903833853867e-06,1.3520889424967208e-05
30.98897538875199,81.67543350766587,57.77474183854734,81.67542585370818,57.774755095605414,7.653957695197278e-06,1.3257058071758365e-05,2.0911015766955643e-05
31.024963224128655,81.72001473187952,57.769500538549096,81.72000642030807,57.76951493462883,8.311571448871291e-06,1.4396079734524392e-05,2.2707651183395683e-05
31.060951059505328,81.76463931114914,57.76418414530921,81.76463347303371,57.76419425723277,5.83811542753665e-06,1.011192355804269e-05,1.595003898557934e-05
31.096938894882,81.80930622315796,57.7587944295342,81.80930552599216,57.75879563706212,6.971658024212957e-07,1.2075279229861735e-06,1.9046937254074692e-06
31.132926730258674,81.85409855224341,57.753187484773335,81.85402108477513,57.75332166251074,7.746746828729556e-05,0.0001341777374079811,0.00021164520569527667
31.168914565635347,81.89889282872895,57.74757716701293,81.89877864661676,57.74777493644832,0.0001141821121848352,0.0001977694353954007,0.0003119515475802359
31.20490240101202,81.94368710521447,57.74196684925252,81.94357670055263,57.742158075944836,0.00011040466183942499,0.00019122669231563805,0.00030163135415506304
31.240890236388687,81.98848138169998,57.73635653149211,81.98841372758011,57.73647371199293,6.765411987430525e-05,0.0001171805008155502,0.00018483462068985546
31.27687807176536,82.03328942061121,57.73072237648514,82.03328820081997,57.73072448922784,1.2197912440115033e-06,2.1127426990119602e-06,3.3325339430234635e-06
31.312865907142033,82.07819861767337,57.72491301023,82.07819858567939,57.724913065645275,3.1993977245292626e-08,5.541527769992172e-08,8.740925494521434e-08
31.348853742518706,82.12314440238242,57.719040272242374,82.123143340016,57.719042112317,1.0623664223885498e-06,1.8400746242264177e-06,2.9024410466149675e-06
31.38484157789538,82.16812083069601,57.713114457916845,82.16812091430347,57.71311431310432,8.360746051039314e-08,1.4481252463838246e-07,2.284199851487756e-07
31.420829413272045,82.21314705496934,57.707102394364945,82.21312975179804,57.70713236436948,1.730317130466119e-05,2.9970004533197425e-05,4.7273175837858616e-05
31.45681724864872,82.25819065123814,57.70106024160143,82.25816828870643,57.70109897468478,2.236253170906366e-05,3.873308335045067e-05,6.109561505951433e-05
31.49280508402539,82.30323426442344,57.695018059537645,82.30323495435495,57.69501686453992,6.899315110331372e-07,1.1949977221092922e-06,1.8849292331424294e-06
31.528792919402065,82.34833134232208,57.68888327377291,82.34832817135961,57.688888766047015,3.170962472154315e-06,5.492274105733941e-06,8.663236577888256e-06
31.564780754778738,82.39344795753901,57.68271464834335,82.39344635579764,57.682717422643805,1.6017413742019926e-06,2.77430045514393e-06,4.3760418293459225e-06
31.60076859015541,82.43858968394595,57.67650252900939,82.43858791737998,57.676505588794754,1.766565972616263e-06,3.0597853637459593e-06,4.826351336362222e-06
31.636756425532077,82.48375701389192,57.67024606299658,82.48375125962488,57.670256029690336,5.754267036195415e-06,9.966693752971878e-06,1.5720960789167293e-05
31.67274426090875,82.52893339273204,57.66397392382226,82.52893478003278,57.66397152094427,1.387300741839681e-06,2.4028779890272745e-06,3.7901787308669554e-06
31.708732096285424,82.57415424562664,57.657624753241926,82.57413687026208,57.657654848288985,1.737536456403177e-05,3.0095047058864566e-05,4.7470411622896336e-05
31.744719931662097,82.61937509852123,57.65127558266159,82.61935591630605,57.65130880726914,1.9182215183377593e-05,3.322460754873191e-05,5.2406822732109504e-05
31.78070776703877,82.66459595141583,57.64492641208126,82.66459029867087,57.644936202933415,5.652744960116252e-06,9.79085215391251e-06,1.5443597114028762e-05
31.816695602415436,82.70985341018344,57.638513838199835,82.70983839255456,57.638539849524456,1.5017628882674217e-05,2.6011324621322274e-05,4.102895350399649e-05
31.85268343779211,82.75512265546172,57.63208084946082,82.75509856802702,57.632122570167056,2.4087434695729826e-05,4.1720706235537364e-05,6.580814093126719e-05
31.888671273168782,82.80039190074,57.6256478607218,82.80036919021107,57.62568719655468,2.2710528924108075e-05,3.933583288073805e-05,6.204636180484613e-05
31.924659108545455,82.84566114601829,57.619214871982784,82.84564861946437,57.61923656863428,1.252655391681401e-05,2.1696651494096386e-05,3.4223205410910396e-05
31.96064694392213,82.89093518345788,57.61277358296783,82.8909352115624,57.61277353428933,2.8104508942305984e-08,4.867850122991513e-08,7.678301017222111e-08
31.9966347792988,82.93622657337285,57.60630223855112,82.9362273178823,57.60630094902152,7.445094496461024e-07,1.2895296066517403e-06,2.0340390562978428e-06
32.03262261467547,82.98152391288103,57.599820589125414,82.98152328558768,57.59982167563053,6.27293346155966e-07,1.0865051152109118e-06,1.7137984613668777e-06
32.06861045005214,83.02682146887919,57.593338564727645,83.02682145781435,57.593338583892546,1.1064841487495869e-08,1.9164900777468574e-08,3.022974226496444e-08
32.104598285428814,83.07212012794349,57.58685462976122,83.07212017385676,57.58685455023702,4.591326785430283e-08,7.952419878165529e-08,1.2543746663595812e-07
32.14058612080549,83.11741579815043,57.58037587165324,83.11741776935553,57.58037245742215,1.9712050942644055e-06,3.4142310880724835e-06,5.385436182336889e-06
32.17657395618216,83.16271017794323,57.573899348610574,83.1627125764856,57.57389519420878,2.3985423780459314e-06,4.154401793243778e-06,6.55294417128971e-06
32.212561791558834,83.20800455773602,57.5674228255679,83.20800292414543,57.567425655032885,1.6335905854703014e-06,2.829464982312402e-06,4.463055567782703e-06
32.2485496269355,83.25328556431826,57.56096946563063,83.2532871381467,57.56096673967682,1.5738284417921022e-06,2.725953805793324e-06,4.299782247585426e-06
32.28453746231217,83.29855895660752,57.55452929405005,83.29856354140512,57.554521352939005,4.584797594020529e-06,7.941111043408e-06,1.2525908637428529e-05
32.320525297688846,83.3438295020829,57.54809405330115,83.34383045413165,57.54809240430256,9.520487509462328e-07,1.6489985910084215e-06,2.6010473419546543e-06
32.35651313306552,83.3890812243943,57.54169141526416,83.38908619402471,57.541682807602406,4.9696304103008515e-06,8.607661754922447e-06,1.3577292165223298e-05
32.39250096844219,83.43432494123675,57.535302643121284,83.43432907646306,57.5352954806914,4.135226305379547e-06,7.162429881191201e-06,1.1297656186570748e-05
32.42848880381886,83.47955608372426,57.52893565042379,83.4795574146992,57.52893334510505,1.3309749391510195e-06,2.3053187376831374e-06,3.636293676834157e-06
32.46447663919553,83.52476838858863,57.52260128548227,83.52476952005368,57.52259932572519,1.1314650549820726e-06,1.9597570783957963e-06,3.091222133377869e-06
32.500464474572205,83.56995398226975,57.51631318571775,83.56996370210983,57.51629635044252,9.719840079469577e-06,1.6835275225446367e-05,2.6555115304915944e-05
32.53645230994888,83.61513474690727,57.510033450111216,83.61513826890933,57.510027349818046,3.5220020606629987e-06,6.100293170163695e-06,9.622295230826694e-06
32.57244014532555,83.66027664380594,57.503821035476584,83.6602915271482,57.50379525674347,1.4883342259963683e-05,2.5778733110826124e-05,4.066207537078981e-05
32.608427980702224,83.70541854070463,57.49760862084195,83.70542178237352,57.49760300610058,3.2416688924286063e-06,5.614741368731302e-06,8.856410261159908e-06
32.64441581607889,83.75052729082599,57.49145361817236,83.75052733918056,57.491453534419676,4.835457900753681e-08,8.375268123472779e-08,1.321072602422646e-07
32.68040365145556,83.79558527708141,57.485386541193705,83.79560650141062,57.48534977953703,2.1224329202595982e-05,3.676165667343412e-05,5.79859858760301e-05
32.71639148683224,83.84060914588154,57.47937855744551,83.84065757234924,57.479294680251506,4.8426467699869136e-05,8.387719400104743e-05,0.00013230366170091656
32.75237932220891,83.88563301468169,57.4733705736973,83.88567885492495,57.4732911759803,4.584024325993141e-05,7.939771700193887e-05,0.00012523796026187028
32.78836715758558,83.93065688348182,57.467362589949104,83.93066865190856,57.46734220641381,1.1768426745106808e-05,2.0383535293433397e-05,3.2151962038540205e-05
32.824354992962256,83.97561437714823,57.461469571430285,83.9756252661128,57.461450711169825,1.0888964567357107e-05,1.8860260460940026e-05,2.9749225028297133e-05
32.86034282833892,84.02054708303216,57.455619486656985,84.02054700059244,57.455619629446915,8.243971194588084e-08,1.4278992921390454e-07,2.252296411597854e-07
32.896330663715595,84.0654187132498,57.44987518815621,84.06543215884481,57.449851899677114,1.344559501603726e-05,2.3288479098937387e-05,3.6734074114974646e-05
32.93231849909227,84.11026086332939,57.44418195080807,84.11027904501069,57.44415045917796,1.8181681298301555e-05,3.149163011073597e-05,4.9673311409037524e-05
32.96830633446894,84.15508132332454,57.43852628182919,84.15508596407551,57.43851824380396,4.640750972839669e-06,8.038025228529477e-06,1.2678776201369146e-05
33.004294169845615,84.19984723116465,57.432965100057594,84.19985122207106,57.432958187597386,3.990906407125294e-06,6.912460207786353e-06,1.0903366614911647e-05
33.04028200522228,84.24456823807978,57.42748168905422,84.24457312627729,57.42747322243853,4.888197508989833e-06,8.466615689428636e-06,1.335481319841847e-05
33.076269840598954,84.28924228913193,57.42207960807994,84.2892499854245,57.422066277695635,7.69629257035831e-06,1.3330384305731968e-05,2.1026676876090278e-05
33.11225767597563,84.3338796424731,57.41674108947499,84.33388010989589,57.41674027987408,4.674227938039621e-07,8.096009125324599e-07,1.277023706336422e-06
33.1482455113523,84.3784523678271,57.41151450994953,84.37846181193012,57.4114981522654,9.44410302849974e-06,1.635768412455718e-05,2.580178715305692e-05
33.18423334672897,84.4229891615995,57.406350165816875,84.42299340582436,57.40634281459575,4.244224854232925e-06,7.351221121609797e-06,1.1595445975842722e-05
33.22022118210565,84.46746398232894,57.401293162260465,84.4674732081373,57.40127718267418,9.225808369706101e-06,1.5979586287073744e-05,2.5205394656779845e-05
33.25620901748231,84.51189346859451,57.396314680384435,84.51189953789252,57.396304168040444,6.069298009947488e-06,1.0512343990853878e-05,1.6581642000801367e-05
33.292196852858986,84.55625501597456,57.39145387223835,84.55627071678188,57.39142667761269,1.5700807324492416e-05,2.7194625658921723e-05,4.289543298341414e-05
33.32818468823566,84.60054423790551,57.38671833558146,84.60058506936906,57.38664761333487,4.083146355071676e-05,7.072224659054882e-05,0.00011155371014126558
33.36417252361233,84.64483345983645,57.38198279892458,84.6448409232933,57.381969871824,7.463456853429307e-06,1.2927100584647633e-05,2.039055743807694e-05
33.400160358989005,84.68903694124117,57.3773957693774,84.68903660947308,57.377396344017235,3.3176809210999636e-07,5.746398343831061e-07,9.064079264931024e-07
33.43614819436567,84.7331716638948,57.37292783361052,84.73317046230989,57.372929914818904,1.2015849080171392e-06,2.0812083860732855e-06,3.2827932940904248e-06
33.472136029742344,84.77724006464867,57.368574770868996,84.77724081989213,57.368573462747506,7.552434624358284e-07,1.3081214902399552e-06,2.0633649526757836e-06
33.50812386511902,84.82119928017504,57.364410822695255,84.82124602419893,57.36432985958262,4.6744023890710196e-05,8.096311263727785e-05,0.00012770713652798804
33.54411170049569,84.86514351381385,57.36027282394029,84.86518442130385,57.36020197001189,4.0907490003405655e-05,7.08539283991172e-05,0.00011176141840252285
33.580099535872364,84.90904760559987,57.356204352989735,84.90905436157882,57.35619265127814,6.755978958494779e-06,1.1701711592593256e-05,1.8457690551088035e-05
33.61608737124904,84.95282789890958,57.35235030752396,84.95285419989773,57.352304752826484,2.6300988153593607e-05,4.555469747913321e-05,7.185568563272682e-05
33.6520752066257,84.99654698017736,57.34860228454052,84.99658229584006,57.3485411159517,3.5315662699986206e-05,6.116858882165843e-05,9.648425152164464e-05
33.688063042002376,85.04018240688696,57.344999155660226,85.0402370138944,57.344904573445696,5.46070074420868e-05,9.458221452973703e-05,0.00014918922197182383
33.72405087737905,85.08364422277627,57.34169672986948,85.08381672366183,57.34139794924536,0.00017250088555442744,0.0002987806241208091,0.0004712815096752365
33.76003871275572,85.12710603866559,57.33839430407873,85.12731980005907,57.33802405808057,0.00021376139348205925,0.0003702459981624884,0.0005840073916445476
33.796026548132396,85.1705678545549,57.33509187828799,85.17074462352153,57.33478570512253,0.00017676896662521813,0.00030617316546255324,0.00048294213208777137
33.83201438350907,85.2140296704442,57.33178945249724,85.21408958020609,57.331685685632586,5.990976188741115e-05,0.00010376686465463081,0.00016367662654204196
33.868002218885735,85.25733953584748,57.32875021295569,85.25735306219366,57.32872678461131,1.3526346180015025e-05,2.3428344377407484e-05,3.695469055742251e-05
33.90399005426241,85.30052042427526,57.32593436833242,85.3005334676915,57.32591177644815,1.3043416231539595e-05,2.2591884267342266e-05,3.563530049888186e-05
33.93997788963908,85.34362566174093,57.32324955516214,85.34362920123523,57.32324342457149,3.539494301207924e-06,6.130590655573087e-06,9.670084956781011e-06
33.975965725015755,85.38663272043652,57.32073479279537,85.38663867389054,57.32072448109928,5.953454021323523e-06,1.0311696087228484e-05,1.6265150108552007e-05
34.01195356039243,85.42955607411221,57.318365011934105,85.42956030345456,57.31835768649027,4.229342351891319e-06,7.325443831973644e-06,1.1554786183864962e-05
34.047941395769094,85.47238437593126,57.316159865897504,85.47239251465689,57.31614576919581,8.138725632989008e-06,1.4096701690391455e-05,2.2235427323380463e-05
34.08392923114577,85.51511541934512,57.314123176543966,85.51513373936024,57.31409144531235,1.832001511559156e-05,3.173123161559488e-05,5.005124673118644e-05
34.11991706652244,85.55777961360931,57.3122022734404,85.55778241676062,57.312197418234625,2.8031513039650235e-06,4.855205773424132e-06,7.658357077389155e-06
34.15590490189911,85.60031419372149,57.31050586887845,85.60033699358716,57.3104663783096,2.2799865675438014e-05,3.949056885232949e-05,6.22904345277675e-05
34.191892737275786,85.64278952683166,57.30891208324612,85.64279592430151,57.30890100249122,6.3974698463198365e-06,1.1080754902081935e-05,1.747822474840177e-05
34.22788057265246,85.68515964878544,57.307500528881,85.68515767129657,57.30750395399593,1.977488878424083e-06,3.4251149330088992e-06,5.402603811432982e-06
34.263868408029126,85.72735105122523,57.306398526132135,85.72742070509497,57.306277881959176,6.96538697440019e-05,0.00012064417295931662,0.00019029804270331852
34.2998562434058,85.76951099242335,57.305351015911754,85.76958350454683,57.305225421092686,7.251212348080571e-05,0.00012559481906748715,0.00019810694254829286
34.33584407878247,85.81164198243407,57.30435365067361,85.81164455702708,57.30434919134284,2.5745930116727322e-06,4.459330774864156e-06,7.033923786536889e-06
34.371831914159145,85.85357660059968,57.30369641181946,85.85360235863209,57.303651797549946,2.5758032407452447e-05,4.461426951252179e-05,7.037230191997423e-05
34.40781974953582,85.89536207801157,57.303297492610064,85.89545541437579,57.303135829108655,9.333636421615665e-05,0.00016166350140878194,0.0002549998656249386
34.44380758491249,85.93714755542346,57.30289857340067,85.93720223838517,57.302803859629336,5.468296170363374e-05,9.47137713325219e-05,0.00014939673303615564
34.47979542028916,85.97882983860191,57.30267839204162,85.97884135409504,57.30265844660068,1.1515493127944865e-05,1.994544093975037e-05,3.1460934067695234e-05
34.51578325566583,86.02036845085013,57.30270705630481,86.02037129444221,57.30270213105347,2.84359208535534e-06,4.9252513392161745e-06,7.768843424571514e-06
34.551771091042504,86.06177275805874,57.30296834397412,86.06179060205892,57.30293743722549,1.78440001832314e-05,3.090674863415188e-05,4.875074881738328e-05
34.58775892641918,86.10309263178382,57.30337587488632,86.10309782946548,57.30336687222778,5.197681659296904e-06,9.002658543977304e-06,1.4200340203274209e-05
34.62374676179585,86.14425929680813,57.30404877134193,86.14429153926237,57.303992925712095,3.22424542389399e-05,5.5845629837847355e-05,8.808808407678725e-05
34.659734597172516,86.18536855437533,57.30482110053845,86.1853703043213,57.30481806953983,1.7499459659120475e-06,3.030998620090486e-06,4.7809445860025335e-06
34.69572243254919,86.22632922526974,57.30585078968238,86.22633270797567,57.30584475745215,3.4827059351982825e-06,6.032230231767244e-06,9.514936166965526e-06
34.73171026792586,86.26716955305687,57.30708891942985,86.26717734421018,57.30707542474174,7.791153308289722e-06,1.3494688111848063e-05,2.1285841420137785e-05
34.767698103302536,86.30789190032442,57.308531397654505,86.30790281784944,57.30851248792583,1.0917525017362095e-05,1.890972867357732e-05,2.9827253690939415e-05
34.80368593867921,86.34850114143549,57.31016978170254,86.34850774474593,57.31015834442089,6.6033104388907304e-06,1.1437281649762099e-05,1.804059208865283e-05
34.83967377405588,86.38898438928437,57.312026392720206,86.38899075196692,57.31201537221876,6.36268254083916e-06,1.1020501446523667e-05,1.7383183987362827e-05
34.87566160943255,86.42934717112914,57.314091657205225,86.4293504779805,57.3140859295644,3.3068513687339873e-06,5.727640825625713e-06,9.0344921943597e-06
34.91164944480922,86.46941147482235,57.31667390157772,86.46958557284077,57.31637235463531,0.00017409801841949957,0.00030154694240991375,0.0004756449608294133
34.947637280185894,86.50947577851555,57.31925614595022,86.50969469837187,57.31887696522259,0.0002189198563229411,0.0003791807276272152,0.0005981005839501563
34.98362511556257,86.54954008220876,57.32183839032272,86.5496765283512,57.32160205841368,0.0001364461424344654,0.00023633190903638024,0.00037277805147084564
35.01961295093924,86.58945102637672,57.3246862614746,86.5895297486915,57.32454991027692,7.87223147824534e-05,0.00013635119767485548,0.00021507351245730888
35.05560078631591,86.62899055725788,57.32817744001164,86.62925305762204,57.32772277554787,0.00026250036415831346,0.00045466446377417924,0.0007171648279324927
35.09158862169258,86.66853008813904,57.3316686185487,86.66884516586855,57.33112288731744,0.000315077729510449,0.000545731231255786,0.000860808960766235
35.12757645706925,86.7080696190202,57.33515979708575,86.70830479683228,57.33475245672199,0.00023517781208681754,0.0004073403637576689,0.0006425181758444864
35.163564292445926,86.74760914990136,57.338650975622805,86.74763068676778,57.338613672635226,2.1536866412930067e-05,3.730298757886885e-05,5.883985399179892e-05
35.1995521278226,86.78674796553226,57.3428362140899,86.78682158495965,57.34270870136213,7.36194273969204e-05,0.00012751272777222766,0.00020113215516914806
35.23553996319927,86.82585323187587,57.34707956169057,86.82587625389809,57.34703968633486,2.3022022219265637e-05,3.987535571070566e-05,6.28973779299713e-05
35.27152779857594,86.86477622865276,57.351638609785866,86.86479346945332,57.35160874781074,1.724080055964805e-05,2.9861975129108487e-05,4.710277568875654e-05
35.30751563395261,86.90352364922532,57.35650176511946,86.90357202104875,57.356417982572225,4.837182342498636e-05,8.378254723595546e-05,0.00013215437066094182
35.343503469329285,86.94217471641069,57.361531809597224,86.94221071183289,57.36146946362911,3.599542219490104e-05,6.234596811083293e-05,9.834139030573397e-05
35.37949130470596,86.98068659289396,57.366802939706,86.9807083588502,57.36676523992278,2.176595623382127e-05,3.7699783220546124e-05,5.9465739454367395e-05
35.41547914008263,87.01905333171123,57.37232545590064,87.01906379321044,57.372307336032726,1.0461499201142033e-05,1.81198679172212e-05,2.8581367118363232e-05
35.451466975459304,87.05722816383566,57.37818036460026,87.05727586025682,57.378097751885306,4.769642116286832e-05,8.261271495513256e-05,0.00013030913611800088
35.48745481083597,87.09520855020149,57.384372063600495,87.09534341973296,57.38413846246473,0.0001348695314646875,0.0002336011357613188,0.0003684706672260063
35.523442646212644,87.13318893656734,57.39056376260072,87.13326534594825,57.39043141752639,7.640938090958116e-05,0.00013234507432713372,0.00020875445523671488
35.55943048158932,87.17100477717955,57.397040463517364,87.17104052794214,57.39697854131257,3.575076259210164e-05,6.192220479306343e-05,9.767296738516507e-05
35.59541831696599,87.20866373839954,57.403788887808425,87.2086678696468,57.40378173227046,4.13124726605929e-06,7.155537964820269e-06,1.1286785230879559e-05
35.63140615234266,87.24602483576989,57.41105322798368,87.24614629004856,57.41084286277273,0.00012145427866983027,0.00021036521094686123,0.0003318194896166915
35.66739398771933,87.28331736240311,57.41843633628914,87.28347472334781,57.41816377884044,0.00015736094469787076,0.0002725574487030258,0.00042991839340089655
35.703381823096,87.32060988903633,57.425819444594595,87.32065211911751,57.42574629986858,4.223008117776317e-05,7.314472601649413e-05,0.0001153748071942573
35.739369658472675,87.35763353075026,57.43366827574976,87.35767744246026,57.43359221835403,4.391170999440419e-05,7.605739573079973e-05,0.00011996910572520392
35.77535749384935,87.3945403065179,57.441719524882444,87.39454967416373,57.44170329962623,9.367645830593574e-06,1.622525621769455e-05,2.5592902048288124e-05
35.81134532922602,87.43122807641971,57.45015010371571,87.43126781085473,57.45008128158035,3.9734435020477576e-05,6.882213535419623e-05,0.00010855657037467381
35.847333164602695,87.46781377671519,57.45875747248597,87.4678308651518,57.45872787441323,1.7088436607082258e-05,2.959807274294235e-05,4.668650935002461e-05
35.88332099997936,87.50421220213428,57.467689211210974,87.50423786581597,57.46764476036188,2.5663681682885908e-05,4.445084909576735e-05,7.011453077865326e-05
35.919308835356034,87.54039750560624,57.47699008837938,87.54048785790023,57.47683359344485,9.035229399501077e-05,0.00015649493452940533,0.0002468472285244161
35.95529667073271,87.57657996319497,57.48629589476748,87.57657990289727,57.48629599920629,6.029770815985103e-08,1.0443881137689459e-07,1.6473651953674562e-07
35.99128450610938,87.61250310585315,57.49605084828051,87.61251307888557,57.4960335744628,9.973032419452466e-06,1.727381771132741e-05,2.7246850130779876e-05
36.027272341486054,87.6481652538868,57.506257858236914,87.648286480674,57.50604788705316,0.00012122678720061231,0.00020997118375731816,0.00033119797095793047
36.06326017686273,87.68378872024705,57.51653186689006,87.68389921994458,57.51634047559091,0.0001104996975271888,0.0001913912991540201,0.0003018909966812089
36.09924801223939,87.71934955971162,57.526914348626796,87.71935042539366,57.52691284921987,8.656820398300624e-07,1.4994069275076072e-06,2.3650889673376696e-06
36.135235847616066,87.75455948266827,57.53790463624759,87.75463924287143,57.537766487372544,7.976020316391441e-05,0.0001381488750453741,0.0002179090782092885
36.17122368299274,87.78976286061335,57.54890626017331,87.78976483551963,57.54890283953157,1.9749062829532704e-06,3.420641739637631e-06,5.395548022590901e-06
36.20721151836941,87.82461134205701,57.56052258354159,87.82472638390749,57.560323324994144,0.00011504185047783722,0.00019925854744684557,0.0003143003979246828
36.243199353746085,87.85945426213479,57.57214853948864,87.85952308616613,57.5720293326395,6.882403134511605e-05,0.00011920684913491186,0.00018803088048002792
36.27918718912275,87.89410599663327,57.58410563893396,87.89415415812084,57.584022220699495,4.8161487569586825e-05,8.341823446755825e-05,0.00013157972203714507
36.315175024499425,87.92861877809493,57.59630341236153,87.92861883342194,57.59630331653224,5.532700697585824e-08,9.582928583995454e-08,1.5115629281581278e-07
36.3511628598761,87.96290657102071,57.60889087778952,87.96291636367341,57.608873916398984,9.792652704732063e-06,1.6961390535641385e-05,2.675404324037345e-05
36.38715069525277,87.99702270081416,57.62177567280889,87.99704601856011,57.62173528524412,2.3317745956319413e-05,4.038756476631988e-05,6.37053107226393e-05
36.423138530629444,88.03098096549623,57.63493389852021,88.03100708597276,57.63488865647836,2.612047653371974e-05,4.5242041849746784e-05,7.136251838346652e-05
36.45912636600612,88.06479075238843,57.64834929558797,88.06479887213138,57.648335231765294,8.119742943790698e-06,1.4063822675325355e-05,2.2183565619116052e-05
36.49511420138278,88.09841807901263,57.662080723455034,88.09842070170649,57.66207618081108,2.622693855869329e-06,4.542643956995107e-06,7.165337812864436e-06
36.53110203675946,88.13183766673865,57.67617196604107,88.13187191793875,57.67611264115754,3.425120010547289e-05,5.932488353010967e-05,9.357608363558256e-05
36.56708987213613,88.16515092174022,57.69044738250925,88.16515188275642,57.69044571797855,9.610161981754572e-07,1.6645306999407694e-06,2.6255468981162267e-06
36.6030777075128,88.19825865897288,57.70507876658344,88.19825997689095,57.70507648387987,1.3179180768929655e-06,2.2827035692785103e-06,3.6006216461714757e-06
36.639065542889476,88.2311783388118,57.72003587597367,88.23119559999066,57.72000597870228,1.7261178854255377e-05,2.989727138924536e-05,4.715845024350074e-05
36.67505337826614,88.26394634119573,57.73525569870893,88.26395817073228,57.73523520932824,1.1829536546770214e-05,2.0489380695210002e-05,3.2318917241980216e-05
36.711041213642815,88.29648538790087,57.750872084745204,88.29654712693075,57.75076514949198,6.173902987427482e-05,0.00010693525322125197,0.0001686742830955268
36.74702904901949,88.32895628800414,57.76660650428708,88.3289619256467,57.76659673959308,5.637642559008782e-06,9.764693999159135e-06,1.5402336558167917e-05
36.78301688439616,88.36119391326541,57.7827449681482,88.36120204329208,57.7827308865136,8.130026671437918e-06,1.4081634603257953e-05,2.221166127469587e-05
36.819004719772835,88.39319985686772,57.79928471685165,88.39326697573375,57.799168463438704,6.711886602772665e-05,0.00011625341294774216,0.00018337227897546882
36.85499255514951,88.42514960161292,57.81592180493717,88.42515623839492,57.815910309681,6.636782003965891e-06,1.1495256167393109e-05,1.8132038171359e-05
36.890980390526174,88.4568213721872,57.833040358935115,88.45686936635444,57.83295723050832,4.799416723244576e-05,8.312842679458754e-05,0.0001311225940270333
36.92696822590285,88.48838365597659,57.85034854981423,88.48840591444424,57.850309996975284,2.225846765213646e-05,3.855283894438344e-05,6.08113065965199e-05
36.96295606127952,88.51973963577282,57.86801407008111,88.51976545734439,57.867969345758425,2.582157156894027e-05,4.472432268443072e-05,7.054589425337099e-05
36.99894389665619,88.55093337382364,57.88596060160077,88.55094758967613,57.88593597899509,1.4215852488064229e-05,2.462260567881458e-05,3.883845816687881e-05
37.03493173203287,88.5819411446863,57.90422923809026,88.5819519260928,57.90421056412605,1.0781406501791935e-05,1.8673964206072924e-05,2.945537070786486e-05
37.07091956740954,88.61262773190681,57.923054181573455,88.61277810136848,57.922793733741784,0.00015036946166446796,0.00026044783167122887,0.00041081729333569683
37.106907402786206,88.64314166555724,57.9421781701384,88.64342577048461,57.941686085432615,0.00028410492737407367,0.0004920847057832134,0.0007761896331572871
37.14289523816288,88.67365559920766,57.96130215870335,88.67389460871432,57.96088818164267,0.00023900950665733944,0.0004139770606741422,0.0006529865673314816
37.17888307353955,88.70416953285809,57.9804261472683,88.70418431170447,57.980400549527566,1.4778846377794252e-05,2.5597740730631813e-05,4.0376587108426065e-05
37.214870908916225,88.73425173318418,58.00029792070217,88.73429459555567,58.00022368081603,4.286237148676264e-05,7.42398861390825e-05,0.00011710225762584514
37.2508587442929,88.76422243156912,58.02036282137395,88.76422519689987,58.02035803167534,2.7653307483888057e-06,4.789698607510218e-06,7.555029355899023e-06
37.286846579669565,88.79377598443722,58.04115024006333,88.79397587297589,58.04080402258077,0.00019988853867403122,0.0003462174825585862,0.0005461060212326174
37.32283441504624,88.82331104913986,58.06196968122954,88.8235464017024,58.06156203818878,0.00023535256254092474,0.0004076430407593534,0.0006429956033002782
37.35882225042291,88.85284611384252,58.08278912239575,88.85293658174899,58.08263242721433,9.046790647460057e-05,0.00015669518142402694,0.0002471630878986275
37.394810085799584,88.88214270775069,58.10402160754479,88.88214623260458,58.10401550231208,3.5248538949872454e-06,6.105232706943298e-06,9.630086601930543e-06
37.43079792117626,88.91116838944545,58.12572332692374,88.91117519464382,58.12571153996156,6.805198367487719e-06,1.1786962183180094e-05,1.8592160550667813e-05
37.46678575655293,88.93994118332365,58.14786306132748,88.94002332919095,58.14772078035644,8.21458672959352e-05,0.0001422809710405204,0.0002244268383364556
37.502773591929596,88.96859978549867,58.170200581778715,88.96869051858158,58.17004342729772,9.073308291362991e-05,0.00015715448099484775,0.00024788756390847766
37.53876142730627,88.99713627346232,58.19274961047913,88.99717666622178,58.19267964809115,4.03927594589959e-05,6.996238798251397e-05,0.00011035514744150987
37.57474926268294,89.02542988869266,58.21571930755239,89.02548169664516,58.21562957344852,5.180795250225856e-05,8.97341038736954e-05,0.00014154205637595396
37.610737098059616,89.05360250645899,58.23889857860953,89.05360555556734,58.23889329739319,3.0491083577999234e-06,5.281216338914874e-06,8.330324696714797e-06
37.64672493343629,89.08144849613265,58.26264358673557,89.08154820993819,58.26247087716973,9.971380553963627e-05,0.00017270956583814723,0.0002724233713777835
37.68271276881296,89.10927560715352,58.28642129368312,89.10930964799164,58.28636233315764,3.4040838116311534e-05,5.896052547882391e-05,9.300136359513544e-05
37.71870060418963,89.13688273585832,58.31058002159456,89.136889879293,58.31056764878927,7.143434672229887e-06,1.2372805294091904e-05,1.951623996632179e-05
37.7546884395663,89.16425068832538,58.33515301535369,89.16428893478398,58.335086770471904,3.824645860106557e-05,6.624488178630372e-05,0.00010449134038736929
37.790676274942975,89.19148614154778,58.35995550478694,89.19150686682532,58.359919607514065,2.072527753682607e-05,3.589727287334199e-05,5.662255041016806e-05
37.82666411031965,89.2185377633855,58.38507639986586,89.21854374923679,58.385066032055974,5.9858512884147785e-06,1.0367809885281076e-05,1.6353661173695855e-05
37.86265194569632,89.24533255989014,58.41064212995563,89.24539967733497,58.41052587900428,6.71174448285683e-05,0.00011625095135059382,0.00018336839617916212
37.89863978107299,89.27207616245013,58.43629653065535,89.27207476796846,58.436298945971096,1.3944816714683839e-06,2.4153157482942333e-06,3.809797419762617e-06
37.93462761644966,89.29849742096687,58.46250924822461,89.29856915955062,58.462384993217135,7.173858375608688e-05,0.0001242550074778137,0.0001959935912339006
37.97061545182633,89.32486659395458,58.48881218067494,89.32488301208994,58.48878374359931,1.6418135359685948e-05,2.8437075627607555e-05,4.4855210987293503e-05
38.006603287203006,89.35098148455005,58.5155555436286,89.35101650721778,58.51549488252249,3.502266773125484e-05,6.0661106111581375e-05,9.568377384283622e-05
38.04259112257968,89.37696808061999,58.54252111946125,89.37696984821379,58.54251805789564,1.7675938011052494e-06,3.061565607254124e-06,4.829159408359374e-06
38.07857895795635,89.4027410705601,58.569856672367244,89.40274326002867,58.569852880092284,2.189468574442799e-06,3.79227495983514e-06,5.981743534277939e-06
38.114566793333026,89.42820510453889,58.59772735327936,89.42833698930455,58.59749892191523,0.00013188476566483587,0.000228431364128312,0.00036031612979314787
38.15055462870969,89.45362948754502,58.62566671176559,89.45375130439282,58.625455718565775,0.0001218168478089865,0.00021099319981487952,0.000332810047623866
38.186542464086365,89.47896872558098,58.65375354582709,89.47898649536938,58.65372276761715,1.776978839984622e-05,3.077820993979685e-05,4.854799833964307e-05
38.22253029946304,89.5040313871737,58.6823194248631,89.50404287404746,58.68229952899242,1.1486873759736227e-05,1.9895870686070793e-05,3.138274444580702e-05
38.25851813483971,89.52889862212068,58.71122379314799,89.52892077398783,58.711185424946734,2.2151867156594562e-05,3.8368201252581e-05,6.0520068409175565e-05
38.294505970216385,89.55357224480521,58.74046350807426,89.55362055050654,58.740379840054004,4.830570132696721e-05,8.366802025250308e-05,0.0001319737215794703
38.33049380559306,89.57810794818666,58.76994210650146,89.57814258067998,58.76988212119799,3.4632493324693314e-05,5.998530347284259e-05,9.46177967975359e-05
38.366481640969724,89.60246357067977,58.79973261451699,89.6024872633476,58.79969157756777,2.3692667824093405e-05,4.103694922008572e-05,6.472961704417912e-05
38.4024694763464,89.62654234173023,58.830002643820556,89.6266550191119,58.829807480657706,0.00011267738166509389,0.00019516316285006496,0.00030784054451515885
38.43845731172307,89.65050668720518,58.860470864250786,89.65064629033583,58.8602290642718,0.00013960313064842467,0.00024179997898698957,0.00038140310963541424
38.47444514709974,89.67445960262332,58.89095888214177,89.6744615411378,58.89095552453253,1.938514486710119e-06,3.3576092377529676e-06,5.2961237244630865e-06
38.510432982476416,89.69809910149802,58.92198975400217,89.69810125738395,58.92198601989413,2.1558859373271844e-06,3.7341080414421413e-06,5.889993978769326e-06
38.54642081785309,89.72144051558375,58.95353692442532,89.72156594667794,58.95331967116032,0.00012543109419027587,0.00021725326499932862,0.0003426843591896045
38.582408653229756,89.74471520668845,58.98519966256772,89.74485613834803,58.98495556150662,0.00014093165957262954,0.0002441010611065053,0.00038503272067913485
38.61839648860643,89.76796462568363,59.016906173335585,89.7679723834318,59.01689273650696,7.7577481647495e-06,1.3436828623980546e-05,2.1194576788730046e-05
38.6543843239831,89.79089875363705,59.04915878480278,89.79091525465799,59.04913020416496,1.650102093719852e-05,2.8580637817299248e-05,4.5081658754497766e-05
38.690372159359775,89.81362576818525,59.08177012760211,89.81368534642596,59.081666934949574,5.957824070890183e-05,0.00010319265253855292,0.00016277089324745475
38.72635999473645,89.83627139575773,59.11452243693225,89.83628327478252,59.11450186183533,1.1879024782501801e-05,2.057509691866244e-05,3.245412170116424e-05
38.762347830113114,89.85851067757807,59.14797855851839,89.858709677396,59.14763388034699,0.00019899981793969346,0.00034467817140182433,0.0005436779893415178
38.79833566548979,89.88060658929065,59.18168300468641,89.88096521352799,59.181061848608806,0.00035862423733590276,0.0006211560776065994,0.0009797803149425022
38.83432350086646,89.90270250100322,59.21538745085443,89.90305056400219,59.21478458739825,0.000348062998966725,0.0006028634561801027,0.0009509264551468277
38.870311336243134,89.9247984127158,59.24909189702245,89.92496643117084,59.24880088020419,0.00016801845504232915,0.000291016818259493,0.00045903527330182214
38.90629917161981,89.94666685349263,59.28319033483829,89.9467135388785,59.28310947328976,4.668538586827253e-05,8.086154852549043e-05,0.00012754693439376297
38.94228700699648,89.96826631946712,59.317754651186,89.96829263242313,59.31770907575955,2.6312956009633126e-05,4.5575426447896916e-05,7.188838245753004e-05
38.978274842373146,89.98968999119003,59.3526234524413,89.98970447851471,59.35259835963151,1.4487324676792923e-05,2.5092809792681692e-05,3.9580134469474615e-05
39.01426267774982,90.01090021757958,59.38786195226201,90.01094986523114,59.3877759599132,4.9647651565010165e-05,8.599234880790618e-05,0.00013564000037291635
39.05025051312649,90.03202606477694,59.423246601290096,90.03202960197149,59.42324047468274,3.537194544378508e-06,6.126607352996416e-06,9.663801897374924e-06
39.086238348503166,90.05270740434824,59.4594011609509,90.0529445194068,59.45899046517415,0.00023711505855317228,0.0004106957767433528,0.0006478108352965251
39.12222618387984,90.07333509897802,59.49564863647733,90.07369546942809,59.495024455867295,0.00036037045006764856,0.0006241806100319991,0.0009845510600996477
39.158214019256505,90.09396279360782,59.53189611200375,90.09428332509182,59.5313409345823,0.000320531484007347,0.0005551774214467287,0.0008757089054540756
39.19420185463318,90.1145904882376,59.56814358753018,90.11470898056288,59.56793835257857,0.00011849232528504672,0.00020523495160773564,0.00032372727689278236
39.23018969000985,90.13495314097356,59.604850129583696,90.13497335105464,59.60481512465825,2.021008107533362e-05,3.5004925443615775e-05,5.5215006518949394e-05
39.266177525386524,90.15507731047606,59.641969737165,90.15507737276675,59.641969629274236,6.229069526852982e-08,1.0789076299033695e-07,1.7018145825886677e-07
39.3021653607632,90.1750129235556,59.67941593440726,90.17502200282009,59.67940020864271,9.079264486899774e-06,1.572576454833552e-05,2.4805029035235293e-05
39.33815319613987,90.19477881639811,59.71715609604382,90.19480821918921,59.717105168860215,2.9402791099641945e-05,5.0927183607996085e-05,8.032997470763803e-05
39.37414103151654,90.21441647305151,59.75511836951764,90.21443702063216,59.75508278002517,2.0547580646734787e-05,3.558949246951215e-05,5.613707311624694e-05
39.41012886689321,90.23388457519637,59.79337432033533,90.23390942661771,59.793331276363965,2.4851421343896618e-05,4.304397136678517e-05,6.789539271068179e-05
39.44611670226988,90.25320835111248,59.8318802517868,90.25322647724997,59.83184885636147,1.8126137490526162e-05,3.1395425331481874e-05,4.9521562822008036e-05
39.482104537646556,90.27237731459898,59.87065432652453,90.27238923319038,59.870633682896155,1.1918591397375167e-05,2.0643628374727996e-05,3.256221977210316e-05
39.51809237302323,90.29136292034961,59.90974598652325,90.29139877557719,59.9096838833796,3.585522757987292e-05,6.210314364807346e-05,9.795837122794637e-05
39.5540802083999,90.31025731001014,59.948995637596845,90.31025620594234,59.94899754990048,1.1040678060680875e-06,1.91230363810746e-06,3.0163714441755474e-06
39.59006804377657,90.32894664027609,59.98860046234796,90.32896264612559,59.98857273937315,1.600584950267603e-05,2.7722974813571e-05,4.372882431624703e-05
39.62605587915324,90.34751660239064,60.028412039027636,90.34751923818636,60.02840747369054,2.635795723904266e-06,4.565337093254129e-06,7.2011328171583955e-06
39.662043714529915,90.36589818971905,60.06854989076377,90.36592714431276,60.068499739881624,2.895459371643483e-05,5.01508821457719e-05,7.910547586220673e-05
39.69803154990659,90.38417809818395,60.10886385564969,90.38418754672813,60.108847490273234,9.448544176393625e-06,1.6365376453109093e-05,2.5813920629502718e-05
39.73401938528326,90.4022591025233,60.14952233296276,90.40230164759507,60.149448642656445,4.254507176426614e-05,7.369030631565465e-05,0.00011623537807992079
39.77000722065993,90.42026138388267,60.190317162625604,90.42027066891677,60.19030108045725,9.285034096251366e-06,1.6082168350806114e-05,2.536720244705748e-05
39.8059950560366,90.43805230586916,60.2314780778604,90.43809585243602,60.23140265291179,4.354656685734426e-05,7.54249486121239e-05,0.00011897151546946816
39.841982891413274,90.45577073485553,60.272764554791564,90.45577845953142,60.272751175245844,7.724675882059273e-06,1.3379545720226815e-05,2.110422160228609e-05
39.87797072678995,90.47331427550478,60.31435394753876,90.47331977111118,60.314344428858846,5.495606401950681e-06,9.518679917164263e-06,1.5014286319114944e-05
39.91395856216662,90.49071816076307,60.35618523078256,90.49072108750445,60.35618016151224,2.926741387909715e-06,5.069270315516405e-06,7.99601170342612e-06
39.94994639754329,90.50797657419672,60.39826847889259,90.50798372834996,60.39825608752216,7.1541532378205375e-06,1.2391370432851545e-05,1.9545523670672083e-05
39.98593423291996,90.52509025819998,60.44060240600287,90.5251090324823,60.440569887956514,1.877428232432976e-05,3.2518046353402497e-05,5.129232867773226e-05
40.02192206829663,90.54205913813588,60.48318714138863,90.54209835781566,60.483119210836485,3.921967977760232e-05,6.793055214870947e-05,0.00010715023192631179
40.057909903673306,90.55894228004146,60.525920379561065,90.5589530812249,60.525901671342176,1.0801183435660278e-05,1.8708218888718875e-05,2.9509402324379153e-05
40.09389773904998,90.57566222269175,60.56893628744383,90.5756745984244,60.56891485202272,1.2375732652003535e-05,2.1435421110993502e-05,3.381115376299704e-05
40.12988557442665,90.59222087942071,60.612231551041646,90.59226432384423,60.6121563030107,4.344442352532951e-05,7.524803094582921e-05,0.00011869245447115873
40.165873409803325,90.60869123131438,60.65567976326761,90.60872369050398,60.65562354224071,3.245918959748906e-05,5.622102689528674e-05,8.86802164927758e-05
40.20186124517999,90.62503891075399,60.69934045064851,90.62505414988395,60.69931405567234,1.5239129965038956e-05,2.639497617451525e-05,4.1634106139554206e-05
40.237849080556664,90.6412037285547,60.74331786402429,90.6412571717941,60.74322529751733,5.344323939482365e-05,9.256650696443103e-05,0.00014600974635925468
40.27383691593334,90.6572958946719,60.787421113944454,90.65733424424036,60.78735469047096,3.834956845594206e-05,6.642347349128386e-05,0.00010477304194722592
40.30982475131001,90.67327110516467,60.831726937169385,90.67328687328866,60.831699625947685,1.5768123986958926e-05,2.731122170018807e-05,4.3079345687147e-05
40.345812586686684,90.6890725391911,60.87633375039153,90.68911658292646,60.87625746432091,4.404373535749073e-05,7.628607062315496e-05,0.00012032980598064569
40.38180042206335,90.70464910318067,60.92133005036756,90.70482491492186,60.92102553516702,0.0001758117411867488,0.0003045152005398677,0.0004803269417266165
40.41778825744002,90.72022566717024,60.9663263503436,90.72041342868037,60.96600113751353,0.00018776151013355502,0.0003252128300701429,0.0005129743402036979
40.453776092816696,90.73580223115982,61.011322650319634,90.73588370109923,61.011181540091336,8.146993940272296e-05,0.0001411102282986576,0.00022258016770138056
40.48976392819337,90.75123232023672,61.05657265256324,90.75123732641936,61.05656398159112,5.006182632882883e-06,8.670972121649356e-06,1.367715475453224e-05
40.52575176357004,90.766440055531,61.10220778327578,90.766475916075,61.10214567092384,3.5860543988519566e-05,6.21123519408684e-05,9.797289592938796e-05
40.561739598946716,90.7815990817322,61.147927280704394,90.78160109854095,61.14792378748535,2.0168087502270282e-06,3.493219047356888e-06,5.510027797583916e-06
40.59772743432338,90.79655694139063,61.193995209185964,90.79661451917751,61.19389548142491,5.757778687609516e-05,9.972776105371395e-05,0.0001573055479298091
40.633715269700055,90.81147768967875,61.240127416516636,90.811517840073,61.24005787391796,4.015039424132283e-05,6.954259867342216e-05,0.00010969299291474499
40.66970310507673,90.82630471876955,61.28642195043578,90.82631273988412,61.28640805744266,8.021114567213772e-06,1.3892993123931774e-05,2.1914107691145546e-05
40.7056909404534,90.84095893355777,61.33301580783384,90.84100091367385,61.332943096060546,4.198011608025354e-05,7.271177329215561e-05,0.00011469188937240915
40.741678775830074,90.85556085496127,61.37970024012996,90.85558407274723,61.37966002570115,2.3217785965812254e-05,4.021442880741688e-05,6.343221477322913e-05
40.77766661120674,90.87002766679244,61.42661868932522,90.87006394448471,61.42655585445046,3.6277692274211404e-05,6.283487475400307e-05,9.911256702821447e-05
40.81365444658341,90.88442907318814,61.47365042418142,90.8844422721734,61.47362756284342,1.319898525764529e-05,2.286133800311063e-05,3.606032326075592e-05
40.84964228196009,90.8987063047405,61.520897236409986,90.8987208148359,61.52087210416012,1.4510095397213263e-05,2.5132249866999246e-05,3.964234526421251e-05
40.88563011733676,90.91283190934323,61.568406674505646,90.9129013470571,61.568286404726024,6.943771387568631e-05,0.0001202697796216512,0.0001897074934973375
40.92161795271343,90.92686589262487,61.61607480555758,90.92698565880865,61.61586736421592,0.00011976618377218529,0.00020744134165795458,0.00032720752543013987
40.957605788090106,90.94089987590652,61.663742936609516,90.94097555527125,61.663611855961726,7.567936472696601e-05,0.00013108064779032702,0.00020676001251729303
40.99359362346677,90.95486605895289,61.71152850124185,90.95487285665479,61.71151672726393,6.79770190004092e-06,1.177397792417878e-05,1.85716798242197e-05
41.029581458843445,90.96867859527431,61.759580190098546,90.96867939801635,61.75957879970705,8.027420363987403e-07,1.390391496158827e-06,2.1931335325575674e-06
41.06556929422012,90.98239970692785,61.80779023129784,90.98239702907594,61.80779486947846,2.6778519099934783e-06,4.638180620020194e-06,7.316032530013672e-06
41.10155712959679,90.99599768764084,61.85621354177486,90.99602761403037,61.85616170769116,2.9926389530032793e-05,5.1834083706125966e-05,8.176047323615876e-05
41.137544964973465,91.00957015474127,61.904681043173305,91.00957303136461,61.904676060710095,2.8766233413080045e-06,4.982463210012611e-06,7.859086551320615e-06
41.17353280035014,91.02298244569471,61.953425978099204,91.0230351736615,61.95333465048211,5.2727966789234415e-05,9.132761709196302e-05,0.00014405558388119744
41.209520635726804,91.03637934533347,62.002197571593165,91.03641594740903,62.002134174869475,3.66020755535601e-05,6.339672368937954e-05,9.999879924293964e-05
41.24550847110348,91.04971555614499,62.05107428133407,91.04971727280582,62.05107130798703,1.7166608330398958e-06,2.9733470370274517e-06,4.6900078700673475e-06
41.28149630648015,91.06291206975907,62.100192953982614,91.06294108356443,62.100142700542776,2.901380536002307e-05,5.0253439837888436e-05,7.92672451979115e-05
41.31748414185682,91.07608828278256,62.1493467883238,91.07608932671258,62.14934498018202,1.0439300126563467e-06,1.8081417749726825e-06,2.852071787629029e-06
41.3534719772335,91.0891591660235,62.19868305939901,91.0891639623926,62.19867475183497,4.796369097448405e-06,8.307564037579596e-06,1.3103933135028e-05
41.38945981261016,91.1021639679162,62.24813378685163,91.1021669636587,62.24812859806773,2.995742505618182e-06,5.188783902099203e-06,8.184526407717385e-06
41.425447647986836,91.11505866476126,62.29777522204901,91.11510031627243,62.29770307943676,4.1651511168083744e-05,7.214261225385599e-05,0.00011379412342193973
41.46143548336351,91.12791804270918,62.34747783143747,91.12796601849595,62.347394734846596,4.797578677084857e-05,8.309659087757382e-05,0.0001310723776484224
41.49742331874018,91.14074563549283,62.39723549440543,91.14076608088374,62.397200081910945,2.044539090206854e-05,3.541249448346662e-05,5.5857885385535155e-05
41.533411154116855,91.15338376581161,62.44732131634668,91.15350252607212,62.447115617317145,0.00011876026050572364,0.00020569902953582186,0.0003244592900415455
41.56939898949353,91.1660218961304,62.497407138287926,91.166177388567,62.49713781719372,0.0001554924365905208,0.0002693210942084079,0.0004248135307989287
41.605386824870195,91.17866002644918,62.547492960229164,91.17879271452979,62.54726313748126,0.00013268808061184245,0.00022982274790450674,0.0003625108285163492
41.64137466024687,91.19129815676797,62.597578782170416,91.19135056156145,62.597488014306535,5.240479347889959e-05,9.076786388106939e-05,0.00014317265735996898
41.67736249562354,91.2038451147728,62.64782251936398,91.20385299848468,62.64780886435954,7.883711873546417e-06,1.3655004437396201e-05,2.1538716310942618e-05
41.713350331000214,91.21628460024266,62.6982524046516,91.21630210512441,62.69822208527393,1.7504881753893642e-05,3.031937766451165e-05,4.782425941840529e-05
41.74933816637689,91.22865772824723,62.74879722456596,91.22869997208647,62.748724056010246,4.2243839246225434e-05,7.3168555715597e-05,0.00011541239496182243
41.78532600175356,91.24103085625181,62.79934204448033,91.24104870053448,62.799311137242405,1.784428266660143e-05,3.090723792809058e-05,4.875152059469201e-05
41.821313837130226,91.2533476343233,62.84998446544826,91.253350401965,62.849979671746986,2.7676416891608824e-06,4.793701272376438e-06,7.561342961537321e-06
41.8573016725069,91.26560207073054,62.900734865463924,91.26560719798114,62.90072598479569,5.1272506027544296e-06,8.880668232791322e-06,1.4007918835545752e-05
41.89328950788357,91.27780962078263,62.951566475117495,91.2778212200643,62.9515463845504,1.1599281663166039e-05,2.0090567097952317e-05,3.1689848761118355e-05
41.929277343260246,91.28999212790853,63.00244146043891,91.28999460934429,63.002437162461426,2.4814357573177404e-06,4.2979774832474504e-06,6.779413240565191e-06
41.96526517863692,91.30212531712957,63.0534018669705,91.3021295163679,63.05339459366841,4.19923833305802e-06,7.273302095711642e-06,1.1472540428769662e-05
42.001253014013585,91.31419552336129,63.10447136335856,91.31422810086579,63.10441493740401,3.257750449847663e-05,5.642595455412902e-05,8.900345905260565e-05
42.03724084939026,91.32624542481416,63.15557602869364,91.32629253151784,63.155494437400456,4.710670367558123e-05,8.159129318130454e-05,0.00012869799685688577
42.07322868476693,91.33829532626702,63.20668069402872,91.33832498571684,63.20662932229865,2.965944982236124e-05,5.1371730066307464e-05,8.10311798886687e-05
42.109216520143605,91.35031971655646,63.257829546043226,91.35032764933075,63.25781580606009,7.932774295227318e-06,1.37399831388052e-05,2.167275743403252e-05
42.14520435552028,91.36229999373967,63.30905480428233,91.36230271646347,63.30905008838123,2.722723806414251e-06,4.715901106067122e-06,7.438624912481373e-06
42.18119219089695,91.3742573965492,63.3603196821421,91.37425238921396,63.360328355110596,5.007335232676269e-06,8.672968498046885e-06,1.3680303730723153e-05
42.21718002627362,91.38618145522514,63.411642313798346,91.38617887743403,63.41164677866839,2.5777911076829696e-06,4.464870045239877e-06,7.042661152922847e-06
42.25316786165029,91.39808168367325,63.463006220665044,91.39808439848474,63.463001518468474,2.714811486725921e-06,4.702196569894568e-06,7.417008056620489e-06
42.28915569702696,91.40996701067245,63.514395937626496,91.40997117699115,63.51438872134293,4.166318703369143e-06,7.216283563593606e-06,1.1382602266962749e-05
42.32514353240364,91.4218399490143,63.56580711239531,91.42184144459603,63.56580452196894,1.49558172779507e-06,2.5904263694087604e-06,4.08600809720383e-06
42.36113136778031,91.43369349120819,63.61725188231451,91.43369743971186,63.61724504329809,3.948503675132997e-06,6.839016421622546e-06,1.0787520096755543e-05
42.397119203156976,91.44553649644621,63.66871490279656,91.44554140727178,63.66870639698789,4.910825566639687e-06,8.505808665404402e-06,1.3416634232044089e-05
42.43310703853365,91.45736339439418,63.720205821953776,91.45737559847905,63.72018468383569,1.2204084868017162e-05,2.1138118086128088e-05,3.334220295414525e-05
42.46909487391032,91.46919029234216,63.77169674111099,91.46920227055527,63.77167599421467,1.197821310938707e-05,2.0746896325363196e-05,3.2725109434750266e-05
42.505082709286995,91.48101719029015,63.82318766026821,91.4810236864875,63.82317640851205,6.4961973578192556e-06,1.125175616323304e-05,1.7747953521052295e-05
42.54107054466367,91.49284378735038,63.874679100578845,91.49284211477385,63.87468199756955,1.672576530609149e-06,2.8969907077680546e-06,4.5695672383772035e-06
42.57705838004034,91.50466107324986,63.92618666831059,91.50465982916813,63.926188823125706,1.2440817300785056e-06,2.154815113897257e-06,3.3988968439757627e-06
42.61304621541701,91.5164788346485,63.97769341245272,91.51647910842328,63.97769293826038,2.7377478772905306e-07,4.7419234050494197e-07,7.47967128233995e-07
42.64903405079368,91.5283038807695,64.02918753907184,91.52830223603354,64.02919038784121,1.6447359598714684e-06,2.8487693697343275e-06,4.493505329605796e-06
42.685021886170354,91.5401347081178,64.08067165230062,91.54013149997562,64.08067720897193,3.208142189237151e-06,5.556671311524042e-06,8.764813500761193e-06
42.72100972154703,91.55197359635993,64.13214180363651,91.55196919244878,64.13214943144271,4.403911148642692e-06,7.627806198229337e-06,1.2031717346872028e-05
42.7569975569237,91.56382182241789,64.1835957813833,91.56381760961372,64.18360307818214,4.212804171288553e-06,7.296798841593954e-06,1.1509603012882508e-05
42.79298539230037,91.57568232358089,64.2350284980013,91.57567905133062,64.23503416571121,3.2722502680826437e-06,5.667709913836916e-06,8.93996018191956e-06
42.82897322767704,91.58756251374213,64.2864271122368,91.58755582089609,64.28643870459881,6.692846042710698e-06,1.159236201431213e-05,1.8285208057022828e-05
42.86496106305371,91.59944767301705,64.3378171197055,91.59945022477909,64.3378126999192,2.5517620372284e-06,4.419786307607865e-06,6.971548344836265e-06
42.900948898430386,91.6113669331393,64.38914806270968,91.611364572356,64.38915215171076,2.3607832986272115e-06,4.089001080842536e-06,6.449784379469747e-06
42.93693673380706,91.62330729354242,64.4404424589154,91.62330117564471,64.44045305543662,6.117897711988007e-06,1.0596521221373223e-05,1.671441893336123e-05
42.97292456918373,91.63526797291583,64.49170166159388,91.63526234903796,64.49171140244671,5.6238778682882185e-06,9.740852831896518e-06,1.5364730700184737e-05
43.0089124045604,91.64725610812506,64.54291330931783,91.64725040903552,64.54292318044124,5.6990895416220155e-06,9.871123410221117e-06,1.5570212951843132e-05
43.04490023993707,91.65927311953429,64.5940749419417,91.65926767397592,64.59408437393574,5.445558372230153e-06,9.431994044462044e-06,1.4877552416692197e-05
43.080888075313744,91.67131653441255,64.64519084236579,91.67131646376714,64.64519096472739,7.064541307499894e-08,1.2236159818712622e-07,1.9300701126212516e-07
43.11687591069042,91.68340209679211,64.69623374109663,91.68339909961651,64.69623893236269,2.9971755992619364e-06,5.191266055248889e-06,8.188441654510825e-06
43.15286374606709,91.69551956686033,64.74722137402921,91.69551790376013,64.7472242546064,1.663100192672573e-06,2.880577184782851e-06,4.543677377455424e-06
43.188851581443764,91.70769580851089,64.79810721148411,91.70767519919126,64.79814290791175,2.0609319633990708e-05,3.569642764489345e-05,5.6305747278884155e-05
43.22483941682043,91.719904453829,64.84893692407917,91.71987330938823,64.84899086789181,3.114444076857126e-05,5.394381264522963e-05,8.508825341380089e-05
43.2608272521971,91.73211555651989,64.89976238037514,91.73211455804173,64.89976410979192,9.984781570437917e-07,1.7294167804493554e-06,2.727894937493147e-06
43.296815087573776,91.74440052149563,64.95045990330138,91.7444012687813,64.95045860896323,7.472856680124096e-07,1.294338147772578e-06,2.0416238157849875e-06
43.33280292295045,91.756743396895,65.0010571223222,91.75673576490144,65.00107034133723,7.631993568679718e-06,1.3219015031040726e-05,2.0851008599720444e-05
43.36879075832712,91.76916153706594,65.0515239787924,91.76912036908703,65.05159528390129,4.1167978906742064e-05,7.130510888941899e-05,0.00011247308779616105
43.404778593703796,91.78161788721363,65.10192465356933,91.78155740313832,65.1020294151751,6.0484075305566876e-05,0.00010476160576899929,0.00016524568107456616
43.44076642908046,91.7940742373613,65.15232532834624,91.7940491876953,65.15236871568779,2.504966600724856e-05,4.33873415488506e-05,6.843700755609916e-05
43.476754264457135,91.80660877215654,65.20259058319347,91.80659804196185,65.20260916845612,1.073019468833536e-05,1.8585262651527046e-05,2.9315457339862405e-05
43.51274209983381,91.81921024915115,65.25273989062372,91.81920628342914,65.25274675946321,3.9657220156641415e-06,6.868839491858125e-06,1.0834561507522267e-05
43.54872993521048,91.83187817424647,65.3027741064419,91.83187622759894,65.30277747813801,1.9466475293938856e-06,3.371696109866207e-06,5.3183436392600925e-06
43.584717770587154,91.84461410312629,65.35269053612174,91.84461018770634,65.3526973178354,3.915419952704724e-06,6.781713665304778e-06,1.0697133618009502e-05
43.62070560596382,91.85742386797253,65.40247907801675,91.85741047444229,65.40250227631692,1.3393530238658968e-05,2.3198300169724462e-05,3.659183040838343e-05
43.656693441340494,91.8702937153343,65.4521635538287,91.87027939567575,65.45218835623191,1.4319658546924074e-05,2.4802403217449864e-05,3.912206176437394e-05
43.69268127671717,91.88327244721458,65.50165943591666,91.88321925617558,65.50175156559922,5.319103900092159e-05,9.21296825566742e-05,0.0001453207215575958
43.72866911209384,91.89634801537181,65.55098759246995,91.8962323573323,65.55118791828926,0.00011565803951896214,0.00020032581930706783,0.00031598385882603
43.76465694747051,91.90942358352905,65.60031574902322,91.90932099687943,65.6004934345064,0.0001025866496178196,0.00017768548318031208,0.0002802721327981317
43.800644782847186,91.92249915168628,65.64964390557651,91.92248746861492,65.64966414127177,1.16830713636773e-05,2.023569525988478e-05,3.191876662356208e-05
43.83663261822385,91.93576940042244,65.69863486510795,91.93573406212224,65.69869607290616,3.5338300207854445e-05,6.12077982111714e-05,9.654609841902584e-05
43.872620453600526,91.94906499668888,65.74758192138123,91.9490630624914,65.74758527151316,1.9341974706321707e-06,3.350131933643752e-06,5.2843294042759226e-06
43.9086082889772,91.9624766088491,65.79632803201271,91.9624767500401,65.79632778746246,1.411909948956236e-07,2.4455025027236843e-07,3.85741245167992e-07
43.94459612435387,91.97597668386854,65.8449209203103,91.97597740003445,65.84491967987321,7.161659141274868e-07,1.2404370863805525e-06,1.9566030005080393e-06
43.980583959730545,91.9895750915678,65.89334349122458,91.98956728241006,65.89335701709732,7.809157736460293e-06,1.3525872731179334e-05,2.1335030467639626e-05
44.01657179510721,92.00327405033775,65.94159190238565,92.00324866149295,65.94163587720278,2.538884480429715e-05,4.397481713169782e-05,6.936366193599497e-05
44.052559630483884,92.01709673034286,65.98962602184767,92.01702379572052,65.98975234845702,7.293462233803893e-05,0.0001263266093474158,0.00019926123168545473
44.08854746586056,92.03091941034796,66.03766014130969,92.03089493736277,66.03770252980968,2.4472985188594976e-05,4.238849999183003e-05,6.6861485180425e-05
44.12453530123723,92.0450867765368,66.08509724613745,92.04486433224346,66.08548253137573,0.00022244429334250526,0.00038528523828063044,0.0006077295316231357
44.160523136613904,92.05933745224343,66.13239005449024,92.05893421946146,66.13308847491788,0.00040323278196296997,0.0006984204276392347,0.0011016532096022047
44.19651097199058,92.07358812795005,66.17968286284304,92.07310683111238,66.1805164943289,0.0004812968376626259,0.0008336314858610194,0.0013149283235236453
44.23249880736724,92.08783880365667,66.22697567119583,92.08738439201042,66.22776273611336,0.00045441164624548946,0.0007870649175316657,0.0012414765637771552
44.268486642743916,92.1020894793633,66.27426847954862,92.10176911941035,66.2748233598692,0.00032035995295132125,0.000554880320578377,0.0008752402735296982
44.30447447812059,92.11634015506992,66.32156128790142,92.11626322272988,66.3216945387685,7.693234003625093e-05,0.00013325086707993705,0.000210183207116188
44.34046231349726,92.13097254420987,66.36819294847243,92.13086890327233,66.36837246003785,0.00010364093753878478,0.00017951156542039826,0.00028315250295918304
44.376450148873936,92.14575355369554,66.41456719077274,92.14558835394968,66.41485332543814,0.00016519974586515218,0.0002861346654015051,0.0004513344112666573
44.41243798425061,92.16053456318123,66.46094143307306,92.16042375900605,66.46113335174357,0.00011080417517916885,0.0001919186705094944,0.00030272284568866326
44.448425819627275,92.17540101347987,66.50716768738283,92.17537729374133,66.50720877121994,2.3719738535987744e-05,4.1083837103883525e-05,6.480357563987127e-05
44.48441365500395,92.19050704621824,66.55297897228166,92.19045112423579,66.5530758321022,5.5921982450968244e-05,9.685982053042608e-05,0.00015278180298139432
44.52040149038062,92.20566329907471,66.59870327328947,92.2056474070746,66.59873079907115,1.589200012119818e-05,2.752578167530828e-05,4.341778179650646e-05
44.556389325757294,92.2209818156923,66.6441465249122,92.22096828907326,66.64416995372918,1.3526619042636412e-05,2.3428816973591893e-05,3.6955436016228305e-05
44.59237716113397,92.23647301659274,66.68929067825701,92.23641590700353,66.68938959507503,5.710958920701614e-05,9.891681801832419e-05,0.00015602640722534034
44.62836499651063,92.25199463257219,66.73438215108216,92.25199238731977,66.73438603997765,2.2452524177651867e-06,3.8888954918547824e-06,6.134147909619969e-06
44.66435283188731,92.26770849341008,66.77914064568174,92.26769984588616,66.77915562364888,8.647523927152179e-06,1.4977967140339388e-05,2.3625491067491566e-05
44.70034066726398,92.28357982780481,66.82362638778245,92.28354038770429,66.82369470011494,3.94401005223699e-05,6.831233248760782e-05,0.00010775243300997772
44.73632850264065,92.29957818544511,66.86789211892805,92.29951610664178,66.86799964268683,6.207880333874982e-05,0.00010752375877132181,0.00016960256211007163
44.772316338017326,92.3158252551805,66.91172706761853,92.31562908516128,66.91206684442946,0.0001961700192225635,0.00033977681093233514,0.0005359468301548986
44.808304173394,92.33207232491588,66.955562016309,92.3318813940505,66.95589271862939,0.00019093086538646276,0.00033070232038312497,0.0005216331857695877
44.844292008770665,92.34831939465126,66.99939696499948,92.34827509215289,66.99947369926127,4.4302498366732834e-05,7.673426179621856e-05,0.0001210367601629514
44.88027984414734,92.36481964891445,67.04279338474566,92.3648122260992,67.04280624145284,7.422815244240155e-06,1.2856707172659299e-05,2.0279522416899454e-05
44.91626767952401,92.38153120316538,67.08582382177815,92.38149483003983,67.08588682194838,3.637312555326844e-05,6.300017022908833e-05,9.937329578235676e-05
44.952255514900685,92.39832723506045,67.12870793907925,92.39832492537815,67.1287119395707,2.3096823014157053e-06,4.000491458100441e-06,6.310173759516147e-06
44.98824335027736,92.41531545941575,67.1712591689112,92.41530452050475,67.1712781156815,1.0938911003677276e-05,1.894677029667946e-05,2.9885681300356737e-05
45.02423118565403,92.43243910274342,67.21357584594682,92.4324356105326,67.21358189464001,3.4922108227419812e-06,6.048693194316002e-06,9.540904017057983e-06
45.0602190210307,92.44973288108945,67.25559784016498,92.44972017703313,67.25561984425997,1.270405631714766e-05,2.2004094986982636e-05,3.47081513041303e-05
45.09620685640737,92.46715871819922,67.2973911016452,92.46716018777362,67.2973885562649,1.4695743999482147e-06,2.5453802976471707e-06,4.014954697595385e-06
45.13219469178404,92.48480315321092,67.33880574003975,92.48475759645522,67.33888464674135,4.555675569406503e-05,7.890670160293212e-05,0.00012446345729699715
45.16818252716072,92.50252783728283,67.38008138283317,92.50251434245251,67.3801047565904,1.3494830312765771e-05,2.3373757230160663e-05,3.6868587542926434e-05
45.20417036253739,92.52043597280006,67.42103927805587,92.5204323505538,67.42104555197724,3.622246254053607e-06,6.273921371757751e-06,9.896167625811358e-06
45.240158197914056,92.53852113706878,67.46169055015201,92.53851353070289,67.4617037247786,7.606365898027434e-06,1.3174626587897365e-05,2.07809924859248e-05
45.27614603329073,92.55687032115664,67.50188452600835,92.55675977774176,67.50207599302824,0.00011054341487692909,0.0001914670198885915,0.0003020104347655206
45.3121338686674,92.57527029746603,67.54199052706034,92.57517297115476,67.5421591013603,9.732631127690183e-05,0.00016857429996264273,0.00026590061123954456
45.348121704044075,92.59375553610633,67.58194884926215,92.5937549748138,67.5819498214504,5.612925235709554e-07,9.721882463509246e-07,1.53348076992188e-06
45.38410953942075,92.61252184007091,67.62142035151092,92.61250763672497,67.62144495245454,1.4203345941155021e-05,2.4600943618224846e-05,3.880428955937987e-05
45.42009737479742,92.63144009515777,67.66062866640846,92.63143278877646,67.66064132144592,7.306381306193543e-06,1.2655037465947316e-05,1.996141877214086e-05
45.45608521017409,92.65055049364307,67.69950417881451,92.65053224648784,67.69953578384892,1.824715522502629e-05,3.160503440824414e-05,4.985218963327043e-05
45.49207304555076,92.66983373679466,67.7380803151501,92.66980780876065,67.7381252238713,2.592803400602861e-05,4.490872119333744e-05,7.083675519936605e-05
45.528060880927434,92.68927354010438,67.77638528104146,92.68926125763059,67.77640655493332,1.228247379003733e-05,2.1273891860573713e-05,3.355636565061104e-05
45.56404871630411,92.70899915488769,67.81419520639913,92.70889435802093,67.81437672009488,0.00010479686676490019,0.00018151369575036824,0.00028631056251526843
45.60003655168078,92.72876873023414,67.85192898974486,92.72870885749754,67.85203269247978,5.9872736599686505e-05,0.00010370273491844273,0.00016357547151812923
45.63602438705745,92.74870798863016,67.88936887310685,92.74870648602547,67.88937147569737,1.5026046895627587e-06,2.6025905270898875e-06,4.105195216652646e-06
45.67201222243412,92.76894009663698,67.92630152551061,92.76888895572698,67.9263901042617,5.114091000280041e-05,8.857875108958524e-05,0.00013971966109238565
45.70800005781079,92.78940898905826,67.96282405483062,92.78925796064122,67.9630856440077,0.00015102841703651393,0.0002615891770858525,0.0004126175941223664
45.743987893187466,92.81015720805719,67.99886277579837,92.80981517648544,67.99945519250477,0.00034203157174772514,0.0005924167063966479,0.000934448278144373
45.77997572856414,92.83090542705612,68.03490149676614,92.83056226041798,68.03549587946735,0.00034316663814593085,0.0005943827012089287,0.0009375493393548595
45.81596356394081,92.85165364605506,68.0709402177339,92.85150085080275,68.07120486716279,0.00015279525230482705,0.00026464942888537735,0.0004174446811902044
45.85195139931748,92.87272997010749,68.10641064345876,92.87263256697561,68.10657935081605,9.740313187478478e-05,0.00016870735728957698,0.00026611048916436175
45.88793923469415,92.89407893712738,68.14140883719647,92.89395900901238,68.14161655901154,0.00011992811499794698,0.00020772181507311416,0.00032764993007106114
45.923927070070825,92.91550099818474,68.1762804282094,92.91548175749853,68.17631375409184,1.9240686214061498e-05,3.332588244120416e-05,5.2566568655265655e-05
45.9599149054475,92.93724561161686,68.21059334151163,92.93720237330095,68.21066823255332,4.323831591079852e-05,7.489104169167149e-05,0.00011812935760247001
45.99590274082417,92.95927404627002,68.24441466150239,92.95912239734123,68.24467732543854,0.00015164892879226954,0.0002626639361551497,0.00041431286494741926
46.031890576200844,92.9813024809232,68.27823598149314,92.98124335037102,68.27833839872555,5.9130552187980356e-05,0.00010241723241222189,0.00016154778460020225
46.06787841157751,93.00359303358148,68.31160329928615,93.00356673274914,68.31164885371376,2.630083234578251e-05,4.555442761500217e-05,7.185525996078468e-05
46.10386624695418,93.02610179616502,68.34459266598954,93.02609402422075,68.34460612740659,7.771944268597508e-06,1.3461417054827507e-05,2.1233361323425015e-05
46.13985408233086,93.04902748234493,68.37685989905331,93.04882668369837,68.3772076928907,0.00020079864655997426,0.0003477938373919187,0.000548592483951893
46.17584191770753,93.07197889525467,68.40908257206526,93.07176614904488,68.40945105971178,0.00021274620979738756,0.0003684876465257503,0.0005812338563231378
46.2118297530842,93.09493030816442,68.4413052450772,93.09491383685861,68.44133377424686,1.6471305812615356e-05,2.8529169654234465e-05,4.500047546684982e-05
46.24781758846087,93.11830816541058,68.47278929402603,93.1182711422604,68.47285342007315,3.702315018472291e-05,6.412604712124903e-05,0.00010114919730597194
46.28380542383754,93.14195109108604,68.50381423048692,93.1418394386828,68.50400761833313,0.00011165240324828574,0.00019338784620970273,0.00030504024945798847
46.319793259214215,93.165835405869,68.53442106829308,93.16562007766117,68.53479402809624,0.000215328207829657,0.00037295980315832367,0.0005882880109879807
46.35578109459089,93.18971972065196,68.56502790609926,93.18961438862735,68.56521034671663,0.00010533202461715518,0.00018244061736538697,0.00028777264198254215
46.39176892996756,93.21383285199866,68.59523842155905,93.21382367870484,68.59525431018731,9.173293818776074e-06,1.588862826906734e-05,2.5061922087843413e-05
46.427756765344235,93.23827339480083,68.62488184312426,93.23824923250692,68.62492369349059,2.4162293911444976e-05,4.185036632975425e-05,6.601266024119923e-05
46.4637446007209,93.26289937298752,68.65420408083149,93.26289231193623,68.65421631094443,7.061051292112097e-06,1.2230112943711902e-05,1.9291164235824e-05
46.499732436097574,93.28781826959462,68.68301896839863,93.28775415598724,68.6831300165452,6.411360737956784e-05,0.0001110481465786961,0.00017516175395826394
46.53572027147425,93.31290622865356,68.71154103089005,93.31283598055059,68.71166270430628,7.024810297195927e-05,0.00012167341623126049,0.00019192151920321976
46.57170810685092,93.33814866611269,68.73979552865173,93.3381389782198,68.73981230859275,9.687892884358007e-06,1.6779941020672595e-05,2.6467833905030602e-05
46.60769594222759,93.36366924012835,68.76756827924049,93.36366431810049,68.7675768044521,4.9220278555139885e-06,8.525211612209205e-06,1.3447239467723193e-05
46.64368377760427,93.3894315599239,68.79492231339913,93.38941314562177,68.7949542079408,1.841430213289641e-05,3.189454167795702e-05,5.030884381085343e-05
46.67967161298093,93.41554028153305,68.82167636136218,93.41538658234998,68.82194257644679,0.0001536991830732859,0.0002662150846077793,0.0004199142676810652
46.715659448357606,93.4416490031422,68.84843040932523,93.44158572580508,68.84854000900765,6.327733711941619e-05,0.00010959968241763818,0.00017287701953705437
46.75164728373428,93.4680099613333,68.8747475702362,93.46801164927928,68.8747446466248,1.6879459820984266e-06,2.9236113903152727e-06,4.611557372413699e-06
46.78763511911095,93.49468845746834,68.90051473869484,93.49466540165804,68.90055467257326,2.305581030270787e-05,3.9933878426268166e-05,6.298968872897603e-05
46.823622954487625,93.52155555114078,68.92595524628017,93.52154800724392,68.92596831270703,7.543896856532228e-06,1.3066426859609237e-05,2.0610323716141465e-05
46.85961078986429,93.5486808489764,68.95094853064813,93.54866046558257,68.95098383576043,2.0383393831480134e-05,3.53051122914394e-05,5.5688506122919534e-05
46.895598625240964,93.57605222332072,68.97551559753558,93.57600375129147,68.97559955364454,4.847202924906924e-05,8.395610896627659e-05,0.00013242813821534583
46.93158646061764,93.6036068917433,68.99976518942032,93.60357881389118,68.99981382173982,2.8077852121555225e-05,4.86323195048044e-05,7.671017162635962e-05
46.96757429599431,93.63157412258532,69.02330020145371,93.63138657763916,69.02362503918354,0.00018754494615791373,0.00032483772983482595,0.0005123826759927397
47.003562131370984,93.65979027094453,69.04640407523004,93.65942794136629,69.04703164915331,0.0003623295782375635,0.0006275739232677324,0.000989903501505296
47.03954996674766,93.68800641930373,69.06950794900638,93.68770377831592,69.0700321391456,0.000302640987811742,0.0005241901392167847,0.0008268311270285267
47.07553780212432,93.71622256766292,69.09261182278271,93.71621493598569,69.09262504124986,7.631677235053758e-06,1.3218467145748036e-05,2.0850144380801794e-05
47.111525637500996,93.74496516550187,69.11480385831771,93.74496223597197,69.11480893241789,2.9295298986653506e-06,5.074100172919316e-06,8.003630071584666e-06
47.14751347287767,93.77402244749287,69.13645084431836,93.77394647381703,69.13658243472848,7.597367583400683e-05,0.00013159041012045236,0.0002075640859544592
47.18350130825434,93.8031788880155,69.15792608251684,93.80316841885906,69.15794421564749,1.0469156435988225e-05,1.8133130652131513e-05,2.8602287088119738e-05
47.219489143631016,93.83278105311268,69.17862930226369,93.83262881408469,69.17889298828275,0.00015223902799732514,0.0002636860190676771,0.0004159250470650022
47.25547697900768,93.8624039373668,69.19929663533888,93.86232837598462,69.19942751163474,7.556138218944852e-05,0.00013087629585584182,0.00020643767804529034
47.291464814384355,93.8922809859388,69.2195237424218,93.89226779441185,69.21954659084165,1.3191526946343402e-05,2.2848419845900025e-05,3.603994679224343e-05
47.32745264976103,93.9226130326851,69.23896276868963,93.92244773244278,69.23924907742021,0.0001653002423296357,0.00028630873057977624,0.00045160897290941193
47.3634404851377,93.95300378233848,69.25830011842893,93.9528688262412,69.25853386950125,0.00013495609728408908,0.00023375107231515813,0.0003687071695992472
47.399428320514374,93.98361034731093,69.27726366466273,93.98353168492514,69.27739991206019,7.866238578912998e-05,0.00013624739746376235,0.00021490978325289234
47.43541615589105,94.01455112184895,69.29564834231701,94.01443689043666,69.2958461971428,0.00011423141229727207,0.0001978548257852708,0.0003120862380825429
47.471403991267714,94.04559049945574,69.31386223426009,94.04558499741441,69.3138717640856,5.5020413327611095e-06,9.529825518939106e-06,1.5031866851700215e-05
47.50739182664439,94.07701039248978,69.33141705343103,94.0769765330694,69.33147569973141,3.3859420383919314e-05,5.864630038843188e-05,9.25057207723512e-05
47.54337966202106,94.10863270870492,69.34862126498518,94.10861199706346,69.3486571386396,2.071164145434068e-05,3.587365441148904e-05,5.658529586582972e-05
47.57936749739773,94.14060496167863,69.36521936763275,94.14049186139088,69.36541526329121,0.00011310028774857983,0.00019589565846445112,0.00030899594621303095
47.615355332774406,94.17267380613342,69.38165016874501,94.17261657026289,69.38174930428895,5.7235870528415944e-05,9.913554393392587e-05,0.00015637141446234182
47.65134316815108,94.20499674997191,69.39764085633436,94.20498653999533,69.39765854055183,1.0209976579744762e-05,1.7684217468172392e-05,2.7894194047917154e-05
47.687331003527746,94.23767543055693,69.41301538913234,94.23760215889926,69.41314229950464,7.327165766923827e-05,0.0001269103723018361,0.00020018202997107437
47.72331883890442,94.27065623782728,69.4278666225901,94.27046378717469,69.42819995726202,0.00019245065259099192,0.0003333346719216479,0.0005257853245126398
47.75930667428109,94.30363704509763,69.44271785604786,94.30357175680729,69.44283093880726,6.528829034380124e-05,0.00011308275939825307,0.0001783710497420543
47.795294509657765,94.33693996819166,69.4570111679244,94.33692637146834,69.4570347181657,1.359672332057471e-05,2.3550241294856278e-05,3.714696461543099e-05
47.83128234503444,94.37063118860833,69.4706319283759,94.37052790641772,69.47081081857269,0.00010328219060795618,0.00017889019679273588,0.00028217238740069206
47.867270180411104,94.40439158438856,69.48413287345234,94.4043766084101,69.48415881263622,1.4975978459119688e-05,2.5939183885270722e-05,4.091516234439041e-05
47.90325801578778,94.43849115898935,69.49704634293781,94.43847269560415,69.49707832249393,1.8463385202949212e-05,3.197955612677106e-05,5.044294132972027e-05
47.93924585116445,94.47282024256678,69.50956229078122,94.47281635747507,69.50956901996481,3.8850917150057285e-06,6.729183596121402e-06,1.061427531112713e-05
47.975233686541124,94.50741279149601,69.52162190275142,94.50740775473024,69.52163062669518,5.036765770682905e-06,8.723943764721298e-06,1.3760709535404203e-05
48.0112215219178,94.54228067585476,69.5332046192483,94.54224701922814,69.5332629142992,3.3656626612810214e-05,5.8295050905599055e-05,9.195167751840927e-05
48.04720935729447,94.57740676647016,69.54434010890188,94.57733425390043,69.54446570449385,7.251256973006548e-05,0.0001255955919674534,0.00019810816169751888
48.083197192671136,94.61270242539248,69.55518189731204,94.61266953267722,69.55523886922823,3.289271526796256e-05,5.6971916194470396e-05,8.986463146243295e-05
48.11918502804781,94.6482511200657,69.5655854144674,94.6482529004158,69.56558233080723,1.780350103786077e-06,3.0836601752071147e-06,4.864010278993192e-06
48.15517286342448,94.68408609822177,69.5754930735441,94.68408437283236,69.57549606200949,1.7253894100122125e-06,2.9884653969247665e-06,4.713854806936979e-06
48.191160698801156,94.7201867589765,69.58494055635917,94.72016393643727,69.58498008619982,2.282253922203381e-05,3.952984064881093e-05,6.235237987084474e-05
48.22714853417783,94.7565801434605,69.59388102624942,94.75649154847349,69.59403447743566,8.859498700530821e-05,0.00015345118623599774,0.00024204617324130595
48.2631363695545,94.79316232487398,69.60249448990872,94.79306713685833,69.60265936056798,9.518801564922796e-05,0.00016487065926185096,0.0002600586749110789
48.29912420493117,94.8298938064982,69.61084935773529,94.82989060012855,69.61085491133649,3.206369655117669e-06,5.5536011984713696e-06,8.759970853589039e-06
48.33511204030784,94.86696121787058,69.6186223775355,94.86696180738892,69.61862135645868,5.895183363691103e-07,1.0210768266460946e-06,1.6105951630152049e-06
48.371099875684514,94.90436388952901,69.62581470885296,94.9042805982638,69.62595897371351,8.329126521289254e-05,0.00014426486055185705,0.0002275561257647496
48.40708771106119,94.94222328544328,69.63221596969117,94.94184678285256,69.63286809201895,0.000376502590711425,0.0006521223277786703,0.0010286249184900953
48.44307554643786,94.98008268135754,69.6386172305294,94.97966014168799,69.63934909150377,0.00042253966955740907,0.0007318609743691695,0.0011544006439265786
48.47906338181453,95.01794207727181,69.64501849136762,95.01772042569826,69.64540240357346,0.00022165157355402698,0.0003839122058337807,0.0006055637793878077
48.5150512171912,95.05605014411294,69.65098904105625,95.05602735617238,69.65102851097016,2.2787940565649478e-05,3.946991391501342e-05,6.22578544806629e-05
48.55103905256787,95.09468912261258,69.65604002377474,95.09458062472886,69.65622794782689,0.00010849788371558589,0.00018792405215606323,0.0002964219358716491
48.587026887944546,95.13338401565643,69.66099415955613,95.133379893288,69.66100129971548,4.12236843772007e-06,7.140159354435127e-06,1.1262527792155197e-05
48.62301472332122,95.17243467882567,69.66533208273223,95.17242479404749,69.66534920368893,9.884778179980458e-06,1.7120956698590817e-05,2.7005734878571275e-05
48.65900255869789,95.2117145958843,69.66927292609084,95.21171492946155,69.66927234831746,3.335772476020793e-07,5.777733775857996e-07,9.113506251878789e-07
48.69499039407456,95.25128631374037,69.67270835509117,95.25124987222341,69.67277147371892,3.644151695425535e-05,6.311862775021382e-05,9.956014470446917e-05
48.73097822945123,95.29104646581824,69.6758174060894,95.29102916525147,69.67584737158275,1.73005667676307e-05,2.9965493354211503e-05,4.72660601218422e-05
48.766966064827905,95.33106486830738,69.67847915376623,95.33105232167867,69.67850088518833,1.2546628710197183e-05,2.1731422094717345e-05,3.427805080491453e-05
48.80295390020458,95.37147893410996,69.68045559173378,95.37131882484556,69.68073290941703,0.00016010926439946616,0.0002773176832562285,0.0004374269476556947
48.83894173558125,95.41210113940537,69.68207152113139,95.41182812829679,69.68254439075838,0.0002730111085753606,0.0004728696269893362,0.0007458807355646968
48.87492957095792,95.45272334470076,69.683687450529,95.45257965578107,69.68393632730992,0.0001436889196924085,0.0002488767809154524,0.0003925657006078609
48.91091740633459,95.49359243887173,69.68487575538376,95.49357280125469,69.6849097687713,1.9637617043599676e-05,3.401338754827066e-05,5.365100459187033e-05
48.946905241711264,95.53481020797683,69.68546013687839,95.53480692888859,69.68546581643201,3.2790882471545046e-06,5.6795536238496425e-06,8.958641871004147e-06
48.98289307708794,95.5763554856178,69.68547725633009,95.57628137307881,69.68560562315314,7.411253898226278e-05,0.0001283668230485091,0.00020247936203077188
49.01888091246461,95.61799920914177,69.68532386232461,95.61799543846068,69.68533039334298,3.7706810900317578e-06,6.531018371447317e-06,1.0301699461479075e-05
49.05486874784128,95.6599725934987,69.68459947838423,95.65994839992635,69.68464138292646,2.419357234373365e-05,4.190454222907647e-05,6.609811457281012e-05
49.09085658321795,95.70223581185978,69.68337308667519,95.70213950264603,69.68353989930863,9.630921374537138e-05,0.00016681263343798491,0.0002631218471833563
49.12684441859462,95.74469784428659,69.68180233852735,95.74456796209265,69.68202730133167,0.00012988219394571843,0.00022496280432449112,0.00035484499827020954
49.162832253971295,95.7872354823211,69.68010063748277,95.78723296407014,69.68010499922613,2.5182509517662766e-06,4.361743364711401e-06,6.879994316477678e-06
49.19882008934797,95.83014951158395,69.67774700699589,95.83013366474526,69.6777744545556,1.584683869282344e-05,2.7447559716620162e-05,4.32943984094436e-05
49.23480792472464,95.87331144537497,69.67496399280239,95.87326919068295,69.67503718015564,4.2254692019128015e-05,7.318735325156922e-05,0.00011544204527069724
49.270795760101315,95.9167342893279,69.67172906845914,95.91663863888536,69.67189474006615,9.565044254600252e-05,0.00016567160700731165,0.0002613220495533142
49.30678359547798,95.96025647214844,69.66832208396234,95.96024107683425,69.66834874945778,1.5395314193256127e-05,2.666549544017016e-05,4.206080963342629e-05
49.342771430854654,96.00407976371386,69.66439356325179,96.00407554253724,69.66440087455216,4.221176624241707e-06,7.311300365131501e-06,1.1532476989373208e-05
49.37875926623133,96.048242207745,69.6598776125982,96.04814104457725,69.66005283253578,0.00010116316775565792,0.0001752199375886221,0.00027638310534428
49.414747101608,96.09244726802069,69.65528784836332,96.09243656216594,69.6553063914679,1.0705854748493948e-05,1.854310458782038e-05,2.924895933631433e-05
49.450734936984674,96.13696653716424,69.65015385781135,96.13696104520048,69.65016337018199,5.491963761983243e-06,9.512370638731227e-06,1.500433440071447e-05
49.48672277236134,96.18172382448424,69.64460760723486,96.18171341432381,69.6446256381813,1.0410160427909432e-05,1.803094643548775e-05,2.844110686339718e-05
49.52271060773801,96.22673844058278,69.63861564965342,96.2266925609888,69.63869511552792,4.5879593983499944e-05,7.946587450646803e-05,0.00012534546848996797
49.558698443114686,96.27197105833324,69.63224610172273,96.27189734752562,69.6323737727259,7.371080761231497e-05,0.00012767100317034874,0.0002013818107826637
49.59468627849136,96.31750419668671,69.62535603627104,96.31732660721303,69.62566363059794,0.00017758947367951805,0.0003075943268981973,0.0004851838005777154
49.63067411386803,96.36303733504019,69.61846597081934,96.36297914435295,69.61856676015613,5.8190687241221895e-05,0.00010078933678414614,0.00015898002402536804
49.666661949244705,96.40890347837372,69.61099912319374,96.40885373434882,69.61108528246622,4.974402489210661e-05,8.615927248456501e-05,0.00013590329737667162
49.70264978462137,96.45494890282994,69.60322175121601,96.45494912378743,69.60322136850597,2.2095748875017307e-07,3.8271004143553e-07,6.036675301857031e-07
49.738637619998045,96.50145860267007,69.59464022980731,96.50126403052434,69.59497723901713,0.00019457214573037618,0.00033700920981516447,0.0005315813555455406
49.77462545537472,96.54815379139045,69.58573743188325,96.5477971437729,69.5863551643512,0.0003566476175507205,0.0006177324679583762,0.0009743800855090967
49.81061329075139,96.59484898011084,69.5768346339592,96.59454712419678,69.57735746430933,0.0003018559140599564,0.0005228303501354503,0.0008246862641954067
49.846601126128064,96.64154416883123,69.56793183603513,96.64151260400612,69.56798650797558,3.156482510746628e-05,5.467194044683765e-05,8.623676555430393e-05
49.88258896150474,96.68871588852355,69.55820366135582,96.68869218705728,69.55824471354435,2.3701466261627502e-05,4.105218853567294e-05,6.475365479730044e-05
49.9185767968814,96.73612871523969,69.54805787660553,96.736084448956,69.54813454814159,4.4266283680372e-05,7.667153606405464e-05,0.00012093781974442663
49.95456463225808,96.78369141514017,69.53765250360208,96.78368793716423,69.53765852763968,3.477975937471456e-06,6.024037602969656e-06,9.502013540441112e-06
49.99055246763475,96.83152724007225,69.52677406365098,96.83150117111052,69.52681921646644,2.606896173062978e-05,4.5152815459914564e-05,7.122177719054434e-05
50.02654030301142,96.87956488438871,69.51554606189076,96.87952264230384,69.51561922740778,4.224208487357828e-05,7.31655170227441e-05,0.00011540760189632238
50.062528138388096,96.92803207360696,69.50357406572483,96.92775081445112,69.50406122140433,0.00028125915584098493,0.00048715567949386696,0.0007684148353348519
50.09851597376476,96.9764992628252,69.49160206955891,96.97618412357807,69.4921479073419,0.000315139247135221,0.0005458377829938854,0.0008609770301291064
50.134503809141435,97.02496645204344,69.47963007339297,97.02482097815377,69.47988204183598,0.0001454738896740082,0.0002519684430097868,0.00039744233268379503
50.17049164451811,97.07368817340021,69.46721721414997,97.07365975921863,69.46726642900983,2.8414181585389997e-05,4.9214859856760995e-05,7.762904144215099e-05
50.20647947989478,97.12271576303826,69.45427457492538,97.12269882051591,69.45430392026692,1.6942522350404943e-05,2.934534154519497e-05,4.628786389559991e-05
50.242467315271455,97.17204519250178,69.44080913321694,97.1719364886267,69.44099741405697,0.00010870387508532531,0.00018828084002109335,0.00029698471510641866
50.27845515064813,97.22179960464601,69.4266075991101,97.22137106310848,69.42734985563605,0.00042854153753069113,0.0007422565259531666,0.0011707980634838577
50.314442986024794,97.27155401679022,69.41240606500325,97.27100081663703,69.41336423682071,0.000553200153191824,0.0009581718174587195,0.0015113719706505435
50.35043082140147,97.32130842893444,69.3982045308964,97.32082399515198,69.39904359573595,0.0004844337824607692,0.0008390648395533162,0.0013234986220140854
50.38641865677814,97.37106284107867,69.38400299678955,97.3708388180057,69.38439101655733,0.00022402307297397783,0.00038801976778302105,0.0006120428407569989
50.42240649215481,97.42105623806125,69.36938752834882,97.42104347811562,69.36940962924707,1.2759945633433745e-05,2.2100898249277634e-05,3.486084388271138e-05
50.45839432753149,97.47145760414156,69.35406543593199,97.47143614212017,69.35410260928401,2.1462021393858777e-05,3.717335202679806e-05,5.863537342065683e-05
50.49438216290815,97.52206331893476,69.3383894007758,97.52201495053797,69.33847317738791,4.836839679001059e-05,8.377661211511622e-05,0.00013214500890512682
50.530369998284826,97.57280691601737,69.3224745462283,97.57277801793052,69.32252459923757,2.889808685324624e-05,5.00530092608642e-05,7.895109611411044e-05
50.5663578336615,97.62379677165472,69.30613315888688,97.62372343306836,69.3062601851832,7.33385863611602e-05,0.00012702629632599383,0.00020036488268715402
50.60234566903817,97.67485389453043,69.28967526114381,97.67484925910044,69.28968328995282,4.635429988297801e-06,8.028809006077609e-06,1.266423899437541e-05
50.638333504414845,97.72619477322858,69.27272588336311,97.72615353372711,69.27279731235285,4.1239501470613504e-05,7.142898974166201e-05,0.00011266849121227551
50.67432133979152,97.77771872772188,69.25545940865766,97.77763426937636,69.25560569496278,8.445834551196185e-05,0.0001462863051244767,0.00023074465063643856
50.710309175168184,97.82930089241918,69.2380921108113,97.82928945338335,69.23811192382415,1.1439035830562716e-05,1.9813012855252055e-05,3.125204868581477e-05
50.74629701054486,97.88111898375422,69.2203161755957,97.88111704817346,69.22031952812358,1.9355807552301485e-06,3.352527883748735e-06,5.288108638978883e-06
50.78228484592153,97.93311731779272,69.20222805051945,97.93311499144855,69.20223207987013,2.3263441732979118e-06,4.029350677114962e-06,6.355694850412874e-06
50.818272681298204,97.98527972856108,69.18385573590065,97.98528119637652,69.18385319356695,1.4678154371949859e-06,2.542333703559052e-06,4.010149140754038e-06
50.85426051667488,98.03769995858563,69.16503686474378,98.03761355178432,69.16518652587708,8.640680131577483e-05,0.0001496611332925113,0.00023606793460828612
50.89024835205155,98.0901993931589,69.14608080713467,98.09010992235397,69.14623577528366,8.947080492305304e-05,0.0001549681489905197,0.00024443895391357273
50.926236187428216,98.14277970103075,69.12698467271059,98.14276814882226,69.12700468174447,1.1552208491139027e-05,2.0009033875112436e-05,3.156124236625146e-05
50.96222402280489,98.19558993134304,69.10749030050339,98.19558604818324,69.1074970263408,3.883159791939761e-06,6.7258374087941775e-06,1.0608997200733938e-05
50.99821185818156,98.24856305339108,69.08771379122595,98.24856141389431,69.08771663092074,1.6394967730093413e-06,2.839694786871405e-06,4.479191559880746e-06
51.034199693558236,98.3018304884686,69.06742751627196,98.30169201608533,69.0676673577369,0.00013847238327002742,0.00023984146493205571,0.00037831384820208314
51.07018752893491,98.35510322285168,69.04713206264145,98.35497560177097,69.04735310907849,0.00012762108070774048,0.0002210464370335785,0.000348667517741319
51.106175364311575,98.40841393256612,69.02677083373582,98.4084098950664,69.02677782689811,4.037499721221138e-06,6.993162287471932e-06,1.103066200869307e-05
51.14216319968825,98.46199553122352,69.00594041090591,98.46199259740581,69.00594549243279,2.933817711436859e-06,5.081526879280318e-06,8.015344590717177e-06
51.17815103506492,98.51574759861433,68.98481472724649,98.51572138776443,68.98486012581976,2.6210849895846877e-05,4.5398573277566356e-05,7.160942317341323e-05
51.214138870441595,98.56973063132972,68.96328899947365,98.56959392288346,68.96352578570672,0.0001367084462629009,0.00023678623307432645,0.00037349467933722735
51.25012670581827,98.62371366404511,68.94176327170081,98.62360783749818,68.94194656885689,0.000105826546928256,0.00018329715608444985,0.00028912370301270585
51.28611454119494,98.67781834492688,68.9200268428933,98.67776074456911,68.92012660974832,5.7600357763476495e-05,9.976685502977034e-05,0.00015736721279324684
51.32210237657161,98.73225188690732,68.89772080933277,98.73205023551631,68.89807008016848,0.0002016513910092499,0.0003492708357129004,0.0005509222267221503
51.35809021194828,98.78668542888778,68.87541477577224,98.78647388045665,68.87578118880296,0.00021154843112469734,0.0003664130307186042,0.0005779614618433015
51.39407804732495,98.84111897086824,68.8531087422117,98.84102922844413,68.85326418081945,8.97424241088629e-05,0.00015543860774869245,0.00024518103185755535
51.430065882701626,98.89576450414327,68.83043552855759,98.89571380771316,68.83052333744611,5.069643010813252e-05,8.780888852299995e-05,0.00013850531863113247
51.4660537180783,98.9507208792159,68.80722392052955,98.95052512592497,68.80756297554512,0.0001957532909244719,0.00033905501557285334,0.0005348083064973252
51.50204155345497,99.00567725428851,68.78401231250152,99.00546067041672,68.78438744718086,0.00021658387179002148,0.00037513467934502387,0.0005917185511350453
51.53802938883164,99.06063362936113,68.76080070447348,99.06051790845385,68.7610011391831,0.00011572090728861895,0.00020043470961184084,0.0003161556169004598
51.57401722420831,99.11571940427268,68.73736496910541,99.11569428748504,68.7374084727052,2.511678763994496e-05,4.350359978388951e-05,6.862038742383447e-05
51.610005059584985,99.17097909398859,68.71362800413137,99.17098723540033,68.71361390277718,8.141411740325566e-06,1.4101354182116665e-05,2.224276592244223e-05
51.64599289496166,99.22640444628406,68.68960410283952,99.22639416079184,68.68962191785408,1.0285492223260917e-05,1.781501455866419e-05,2.8100506781925105e-05
51.68198073033833,99.28191386996612,68.6654345854758,99.28191245321757,68.66543703935895,1.4167485460347962e-06,2.4538831553400087e-06,3.870631701374805e-06
51.717968565715,99.33757237326084,68.64100685436685,99.33753948346782,68.64106382122155,3.28897930188532e-05,5.696685470013563e-05,8.985664771898882e-05
51.75395640109167,99.39329400743864,68.61646977724159,99.39327260383459,68.61650684941169,2.1403604051783987e-05,3.7072170101737356e-05,5.847577415352134e-05
51.789944236468344,99.44911903322136,68.59175362040814,99.44910914838351,68.59177074146818,9.884837851359407e-06,1.7121060039926306e-05,2.7005897891285713e-05
51.82593207184502,99.50506105658185,68.56683481760457,99.5050464332287,68.56686014602282,1.4623353152387608e-05,2.5328418246317597e-05,3.9951771398705205e-05
51.86191990722169,99.56113475488957,68.54168794685346,99.56108175681024,68.54177974231969,5.299807932601652e-05,9.179546623272472e-05,0.00014479354555874124
51.89790774259836,99.6172622595143,68.51644788072583,99.6172124001744,68.51653423973,4.985933991008551e-05,8.635900417175435e-05,0.00013621834408183986
51.93389557797503,99.67344367211142,68.49111444314926,99.67343562725641,68.49112837726204,8.044855007938168e-06,1.3934112786273545e-05,2.1978967794211712e-05
51.9698834133517,99.72975935188306,68.46554844775086,99.729748685166,68.46556692306693,1.0666717059848452e-05,1.8475316068133907e-05,2.914203312798236e-05
52.005871248728376,99.78615304784574,68.43984732419837,99.7861488044754,68.43985467393942,4.2433703413280455e-06,7.349741053985781e-06,1.1593111395313827e-05
52.04185908410505,99.84264125279127,68.41398250610723,99.84263319951,68.41399645481475,8.053281263187273e-06,1.3948707518807169e-05,2.200198878199444e-05
52.07784691948172,99.89922166290674,68.38795798380279,99.89919906864156,68.3879971182607,2.2594265175257533e-05,3.9134457907152864e-05,6.17287230824104e-05
52.11383475485839,99.95585072780882,68.36184918884393,99.95584359458385,68.36186154396546,7.133224968924878e-06,1.2355121526752555e-05,1.9488346495677433e-05
52.14982259023506,100.01260171136947,68.33552922434367,100.0125639446909,68.33559463822115,3.776667857380289e-05,6.541387747915905e-05,0.00010318055605296195
52.185810425611734,100.06935874577161,68.30919877946711,100.06935727125754,68.30920133340317,1.4745140646255095e-06,2.5539360564152958e-06,4.028450121040805e-06
52.22179826098841,100.12623027172448,68.28267002919128,100.12622071182253,68.2826865874452,9.559901954503403e-06,1.6558253918219634e-05,2.6118155872723037e-05
52.25778609636508,100.18316688987042,68.25602853580686,100.18315138947403,68.25605538331024,1.5500396386869397e-05,2.6847503377780413e-05,4.234789976464981e-05
52.293773931741754,100.24014762036745,68.22931063750575,100.2401464131573,68.22931272845736,1.2072101469584595e-06,2.0909516109668402e-06,3.2981617579252998e-06
52.32976176711842,100.29724652503631,68.20238805531157,100.29720287798497,68.20246365430455,4.364705134207725e-05,7.559899297859829e-05,0.00011924604432067554
52.36574960249509,100.35436647615384,68.17542901955922,100.3543178655495,68.17551321568759,4.8610604338250596e-05,8.419612836974011e-05,0.0001328067327079907
52.401737437871766,100.41149012274208,68.14846358305688,100.41148844423773,68.14846649031483,1.6785043470690653e-06,2.907257950823805e-06,4.58576229789287e-06
52.43772527324844,100.46871230040001,68.12132748554949,100.46871166954804,68.12132857821832,6.30851971550328e-07,1.0926688389645278e-06,1.7235208105148558e-06
52.47371310862511,100.52599045999182,68.09409442438255,100.52598458440936,68.09410460120097,5.875582459680118e-06,1.017681842085949e-05,1.6052400880539608e-05
52.509700944001786,100.58330879197167,68.0667917825225,100.58330421950255,68.06679970227997,4.572469123331757e-06,7.919757464946997e-06,1.2492226588278754e-05
52.54568877937845,100.64066746527371,68.03941926736657,100.6406675935839,68.03941904512655,1.283101909166362e-07,2.2224001838822005e-07,3.5055020930485625e-07
52.581676614755125,100.69807130932503,68.01196851409252,100.69807171381066,68.01196781350207,4.0448563254358305e-07,7.005904478774028e-07,1.1050760804209858e-06
52.6176644501318,100.75551950453065,67.98444094228202,100.75551357606871,67.98445121069052,5.928461945359231e-06,1.026840850215649e-05,1.619687044751572e-05
52.65365228550847,100.81299746660729,67.9568618126823,100.81299016530217,67.95687445892752,7.301305117835e-06,1.2646245210135021e-05,1.994755032797002e-05
52.689640120885144,100.87051871647972,67.9292077063391,100.8704984558452,67.9292427988258,2.026063452831295e-05,3.5092486697863023e-05,5.535312122617597e-05
52.72562795626181,100.92805780294114,67.90152270608385,100.9280354117555,67.9015614887973,2.2391185638070965e-05,3.878271344603945e-05,6.117389908411042e-05
52.761615791638484,100.98560312899814,67.87382689852025,100.9855979871501,67.873835804472,5.141848035350449e-06,8.905951744964113e-06,1.4047799780314563e-05
52.79760362701516,101.04318951188496,67.84605997836381,101.0431831265426,67.84607103811325,6.385342359749302e-06,1.1059749439823463e-05,1.7445091799572765e-05
52.83359146239183,101.10078789420257,67.8182722745609,101.10078776518267,67.81827249803017,1.290198952119681e-07,2.2346927153193974e-07,3.5248916674390784e-07
52.8695792977685,101.15841581596952,67.79043340687508,101.15840882939713,67.79044550798663,6.986572387290835e-06,1.2101111551032773e-05,1.9087683938323607e-05
52.905567133145176,101.21604373773648,67.76259453918927,101.21604323693299,67.7625954066073,5.008034946740736e-07,8.674180378420715e-07,1.368221532516145e-06
52.94155496852184,101.273688029058,67.7347273185723,101.27368789730205,67.73472754678053,1.3175593949199538e-07,2.2820823630809173e-07,3.599641758000871e-07
52.977542803898515,101.33133908804665,67.70684837599923,101.33133971212744,67.7068472950584,6.240807977064833e-07,1.0809408337308923e-06,1.7050216314373756e-06
53.01353063927519,101.38899346193789,67.67896369184021,101.38899557549162,67.67896003105378,2.113553733806839e-06,3.660786433101748e-06,5.774340166908587e-06
53.04951847465186,101.44664881267941,67.65107731572499,101.44665237428613,67.65107114683447,3.5616067179944366e-06,6.168890521962567e-06,9.730497239957003e-06
53.085506310028535,101.50431133958605,67.62317851011365,101.50430698856303,67.62318604631483,4.351023022763911e-06,7.5362011813240315e-06,1.1887224204087943e-05
53.12149414540521,101.56194980164628,67.59532138608445,101.56195629188767,67.59531014464434,6.490241389656148e-06,1.1241440105891343e-05,1.773168149554749e-05
53.157481980781874,101.61958613375259,67.56746795124765,101.61959715169324,67.56744886759382,1.1017940650503988e-05,1.9083653825191504e-05,3.0101594475695492e-05
53.19346981615855,101.67722246585892,67.53961451641084,101.6772264296367,67.53960765093885,3.963777785997991e-06,6.865471988248828e-06,1.0829249774246819e-05
53.22945765153522,101.7348444094156,67.51178600330024,101.73484098195601,67.51179193984085,3.4274595890337878e-06,5.936540603102003e-06,9.36400019213579e-06
53.265445486911894,101.7924198621147,67.48403801480492,101.79243765982915,67.48400718822562,1.7797714448875013e-05,3.082657930519872e-05,4.862429375407373e-05
53.30143332228857,101.84996290555131,67.45634616086014,101.85001330973401,67.45625885815952,5.040418270141345e-05,8.730270062073942e-05,0.00013770688332215286
53.33742115766523,101.9075059489879,67.42865430691533,101.90756477381012,67.42855241922334,5.882482221863938e-05,0.00010188769199714898,0.00016071251421578836
53.373408993041906,101.96504899242451,67.40096245297055,101.96508889022135,67.4008933478839,3.989779683877259e-05,6.910508665214365e-05,0.00010900288349091625
53.40939682841858,102.0225825347539,67.37328705544414,102.02258249351988,67.37328712686364,4.123401708966412e-08,7.141950675304543e-08,1.1265352384270955e-07
53.44538466379525,102.08001885455967,67.34578005245199,102.08004241501149,67.34573924450784,2.356045182239086e-05,4.080794414562661e-05,6.436839596801747e-05
53.481372499171925,102.13744644993601,67.31828816063137,102.1374654831221,67.31825519415005,1.9033186092087817e-05,3.296648131367874e-05,5.199966740576656e-05
53.5173603345486,102.19484813752757,67.29084114245924,102.19484852376509,67.2908404734755,3.862375166363563e-07,6.689837448448088e-07,1.0552212614811651e-06
53.553348169925265,102.25218935873282,67.26349885525462,102.25218836071019,67.2635005838824,9.98022628095896e-07,1.7286277795847127e-06,2.7266504076806086e-06
53.58933600530194,102.30948401544198,67.23623722021107,102.30948181595299,67.23624102984189,2.199488989163001e-06,3.809630825912791e-06,6.009119815075792e-06
53.62532384067861,102.36671561576047,67.20908480215903,102.36672571008575,67.2090673182557,1.009432527609988e-05,1.7483903320680838e-05,2.757822859678072e-05
53.661311676055284,102.4238413499119,67.18211574988722,102.42391686266902,67.18198495781259,7.551275712103234e-05,0.00013079207462851627,0.0002063048317495486
53.69729951143196,102.48093641560186,67.15519981700682,102.48105209260422,67.15499945834289,0.00011567700235559641,0.00020035866393186552,0.00031603566628746194
53.73328734680863,102.53803148129182,67.12828388412642,102.53812821850715,67.12811633017168,9.673721532976742e-05,0.00016755395473921908,0.0002642911700689865
53.7692751821853,102.59512654698177,67.10136795124602,102.59514205908233,67.10134108347039,1.5512100560499675e-05,2.6867775630989854e-05,4.237987619148953e-05
53.80526301756197,102.65207737572089,67.07470184436534,102.65209043349807,67.07467922760715,1.3057777181302299e-05,2.2616758187155028e-05,3.567453536845733e-05
53.84125085293864,102.70896359694959,67.0481476410974,102.70897016176235,67.04813627049573,6.564812764509043e-06,1.1370601669113967e-05,1.793541443362301e-05
53.877238688315316,102.76577593192904,67.02172141270671,102.76577806509943,67.0217177179432,2.133170383444849e-06,3.6947635067008378e-06,5.827933890145687e-06
53.91322652369199,102.82248865739648,66.99546771323999,102.82251096632703,66.99542907299666,2.2308930553549544e-05,3.864024333211091e-05,6.094917388566046e-05
53.949214359068655,102.87916536878133,66.96927639206214,102.87916569023434,66.96927583528858,3.2145301531727455e-07,5.567735570366494e-07,8.78226572353924e-07
53.98520219444533,102.93573969516974,66.94326240709357,102.93573906396045,66.9432635003813,6.312092892812871e-07,1.0932877358982296e-06,1.7244970251795166e-06
54.021190029822,102.99221707544397,66.91741633790355,102.99222791737327,66.91739755911065,1.084192929567962e-05,1.877879289224893e-05,2.962072218792855e-05
54.057177865198675,103.04859135505833,66.8917488444895,103.0486290834491,66.89168349692854,3.772839076532364e-05,6.534756096243655e-05,0.00010307595172776018
54.09316570057535,103.10492591828206,66.86615014195702,103.10493939865262,66.86612679324483,1.3480370554930232e-05,2.3348712190340848e-05,3.682908274527108e-05
54.12915353595202,103.16115438777844,66.84073519935114,103.16115570331725,66.8407329207686,1.315538810331418e-06,2.2785825422033668e-06,3.594121352534785e-06
54.16514137132869,103.21726799426263,66.81551920553535,103.21727484202584,66.81550734484858,6.847763216910607e-06,1.1860686768727646e-05,1.8708449985638254e-05
54.20112920670536,103.27325490926775,66.79052264803758,103.27329366399182,66.79045552281323,3.875472407344205e-05,6.712522434781931e-05,0.00010587994842126136
54.23711704208203,103.32914451970586,66.76569462717757,103.32920902344043,66.76558290331015,6.450373456345915e-05,0.00011172386741975515,0.0001762276019832143
54.27310487745871,103.38500900771542,66.74091011968768,103.38501777999033,66.74089492564528,8.77227491002941e-06,1.5194042404687025e-05,2.3966317314716434e-05
54.30909271283538,103.44071487571274,66.71640035041786,103.44071679903544,66.71639701912157,1.9233226993264907e-06,3.3312962841591798e-06,5.2546189834856705e-06
54.345080548212046,103.49628819191692,66.69212016783885,103.49630295212674,66.6920946023776,1.476020982238424e-05,2.5565461257315292e-05,4.032567107969953e-05
54.38106838358872,103.55177246379296,66.66799421472858,103.55177311735434,66.6679930827258,6.535613863434264e-07,1.1320027795136411e-06,1.7855641658570676e-06
54.41705621896539,103.6071113623029,66.64412005594916,103.60712417972951,66.64409785549081,1.2817426608080495e-05,2.2200458346333107e-05,3.50178849544136e-05
54.453044054342065,103.66235248387083,66.62041525198589,103.66235303156677,66.62041430334769,5.47695933050818e-07,9.486382026580031e-07,1.4963341357088211e-06
54.48903188971874,103.71743446789273,66.59698608263845,103.71745657286587,66.5969477956601,2.2104973140812945e-05,3.828697835217554e-05,6.039195149298848e-05
54.52501972509541,103.77242552101924,66.57371441039365,103.77243171169386,66.57370368781899,6.1906746111617394e-06,1.0722574657506811e-05,1.691324926866855e-05
54.56100756047208,103.82722052053984,66.55078231332577,103.82727536456679,66.55068732058093,5.484402694833079e-05,9.499274483459885e-05,0.00014983677178292965
54.59699539584875,103.88194937531209,66.52796478244765,103.88198445683153,66.5279040194073,3.508151944231486e-05,6.076304035218527e-05,9.584455979450013e-05
54.632983231225424,103.93653586365346,66.50539383773018,103.93655592304701,66.50535909380346,2.005939354887687e-05,3.474392671876103e-05,5.48033202676379e-05
54.6689710666021,103.99097970208278,66.48306997017761,103.99098670736558,66.48305783665865,7.005282796512802e-06,1.2133518964674295e-05,1.9138801761187096e-05
54.70495890197877,104.04518501444716,66.4611592423392,104.0452737639138,66.46100552358611,8.87494666415023e-05,0.00015371875309710958,0.00024246821973861188
54.74094673735544,104.09934029315535,66.43933517542993,104.099414057173,66.4392074122642,7.376401764247476e-05,0.00012776316573592794,0.0002015271833784027
54.77693457273211,104.15336745301785,66.41773301711291,104.15340456235938,66.41766874177783,3.710934153389189e-05,6.42753350774683e-05,0.00010138467661136019
54.81292240810878,104.2072142467594,66.39644326242218,104.20724226580373,66.3963947319609,2.801904432203628e-05,4.85304612851678e-05,7.654950560720408e-05
54.848910243485456,104.26091552331634,66.37540555116358,104.26092416533055,66.37539058273956,8.642014208248838e-06,1.4968424025596505e-05,2.3610438233845343e-05
54.88489807886213,104.31443675743472,66.35467968289629,104.31444727063685,66.35466147347618,1.051320212752671e-05,1.820942010510862e-05,2.872262223263533e-05
54.9208859142388,104.36775956162717,66.33429750571743,104.36780860367006,66.33421256231478,4.9042042888913784e-05,8.494340265485789e-05,0.00013398544554377168
54.95687374961547,104.42083417692423,66.31434520478425,104.42100519900558,66.31404898552695,0.00017102208134645025,0.00029621925729372833,0.0004672413386401786
54.99286158499214,104.47390879222131,66.29439290385105,104.47403410422359,66.29417585685948,0.00012531200228238504,0.00021704699156543938,0.0003423589938478244
55.028849420368815,104.52687938134608,66.27462078173018,104.52689238028503,66.27459826688288,1.2998938956343409e-05,2.2514847302090857e-05,3.5513786258434266e-05
55.06483725574549,104.57957287591978,66.25532860197387,104.57957710190695,66.25532128234137,4.2259871690930595e-06,7.319632501889828e-06,1.1545619670982887e-05
55.10082509112216,104.63198396323145,66.23652556647748,104.63208535793697,66.23634994550432,0.00010139470552417151,0.00017562097316670133,0.00027701567869087285
55.136812926498834,104.68438190461842,66.21774530041544,104.68441425172692,66.21768927351893,3.234710850108513e-05,5.602689651595938e-05,8.837400501704451e-05
55.1728007618755,104.73655268536379,66.1993584885554,104.73656090150557,66.19934425776486,8.216141779371355e-06,1.4230790540636917e-05,2.2446932320008273e-05
55.20878859725217,104.78847522315098,66.18140164658067,104.78852244075048,66.18131986321008,4.721759950143678e-05,8.178337058950547e-05,0.00012900097009094225
55.244776432628846,104.84027989929562,66.16364894718178,104.84029601855865,66.16362102776878,1.6119263023028907e-05,2.7919413000176974e-05,4.403867602320588e-05
55.28076426800552,104.89182844292908,66.14633988278975,104.8918788000164,66.14625266166085,5.0357087317820515e-05,8.722112889358868e-05,0.0001375782162114092
55.31675210338219,104.94319887709027,66.12933931338962,104.94326796656794,66.12921964677344,6.908947767669815e-05,0.00011966661618600938,0.00018875609386270753
55.352739938758866,104.99441610979864,66.11260409697903,104.99446071638302,66.11252683602423,4.460658438176779e-05,7.726095479654305e-05,0.00012186753917831084
55.38872777413553,105.0446808435775,66.09751865890843,105.0454542647231,66.09617905272705,0.0007734211456096318,0.0013396061813750748,0.0021130273269847066
55.424715609512205,105.09454737668621,66.08312292538261,105.09624584430674,66.08018108995928,0.0016984676205282767,0.002941835423328598,0.004640303043856875
55.46070344488888,105.14441390979493,66.06872719185678,105.14683270567319,66.06453770993171,0.002418795878256219,0.004189481925067184,0.0066082778033234035
55.49669128026555,105.19428044290365,66.05433145833096,105.19721211754518,66.0492536433606,0.002931674641530435,0.0050778149703631925,0.008009489611893628
55.532679115642225,105.24414697601237,66.03993572480515,105.24738136719,66.03433358884193,0.0032343911776280265,0.00560213596321546,0.008836527140843486
55.56866695101889,105.29401350912109,66.02553999127933,105.29733776077921,66.01978221222846,0.003324251658128219,0.005757779050867384,0.009082030708995603
55.604654786395564,105.3438800422298,66.0111442577535,105.34707862374725,66.00560414600879,0.003198581517452226,0.005540111744707588,0.008738693262159813
55.64064262177224,105.39374657533853,65.99674852422768,105.39660130114794,65.99180398868955,0.002854725809413594,0.0049445355381294576,0.007799261347543052
55.67663045714891,105.44361310844724,65.98235279070185,105.44590315801,65.97838630417982,0.0022900495627595774,0.003966486522031687,0.006256536084791264
55.71261829252558,105.49347964155596,65.96795705717604,105.49498157969077,65.96535562117855,0.0015019381348082561,0.002601435997490853,0.004103374132299109
55.748606127902256,105.54334617466468,65.95356132365022,105.54383397222816,65.9527164325647,0.0004877975634798304,0.0008448910855207714,0.0013326886490006018
55.78459396327892,105.59229130721188,65.94076150445223,105.59245776269118,65.94047319479033,0.00016645547930238536,0.00028830966189730134,0.0004547651411996867
55.820581798655596,105.64057959304918,65.92909937836981,105.6408503995286,65.9286303272767,0.0002708064794205711,0.00046905109311978777,0.0007398575725403589
55.85656963403227,105.68886787888648,65.9174372522874,105.68900935291586,65.91719221181322,0.00014147402937680909,0.00024504047418361097,0.00038651450356042005
55.89255746940894,105.73686073262887,65.90628683016185,105.73693211510016,65.90616319195993,7.13824712903488e-05,0.00012363820191296782,0.00019502067320331662
55.928545304785615,105.78459642246295,65.89558182947731,105.78461620074371,65.89554757245276,1.9778280758941946e-05,3.425702455217561e-05,5.4035305311117554e-05
55.96453314016228,105.83205170242348,65.88536251347057,105.83205914726517,65.88534961861245,7.444841685355641e-06,1.289485811639679e-05,2.033969980175243e-05
56.000520975538954,105.87915489444674,65.87575303232529,105.879258515179,65.87557355575647,0.00010362073226133361,0.00017947656881744933,0.00028309730107878295
56.03650881091563,105.92621050109132,65.86622597156348,105.92621188843285,65.86622356861484,1.3873415269927136e-06,2.402948638291491e-06,3.7902901652842047e-06
56.0724966462923,105.97289873647746,65.85733521718076,105.97291687474305,65.85730380074895,1.813826558816345e-05,3.141643180981646e-05,4.955469739797991e-05
56.108484481668974,106.01932246550574,65.84890260174863,106.01937110592779,65.84881835397441,4.864042205099395e-05,8.424777422533225e-05,0.0001328881962763262
56.14447231704565,106.06548533722255,65.84092180492638,106.06557223823847,65.84077128778736,8.690101591923849e-05,0.00015051713901925723,0.00023741815493849572
56.18046015242231,106.11147234512802,65.83324561349295,106.11151795268863,65.83316661879458,4.560756060811855e-05,7.89946983701384e-05,0.00012460225897825694
56.216447987798986,106.15711188264919,65.82617125907585,106.15720595538079,65.82600832014735,9.407273159922624e-05,0.0001629389284971694,0.00025701166009639564
56.25243582317566,106.20225510445584,65.81995654963079,106.20263397783106,65.81930032097935,0.00037887337521169684,0.0006562286514366633,0.0010351020266483602
56.28842365855233,106.2473983262625,65.81374184018571,106.24779977729133,65.8130465058484,0.0004014510288357087,0.0006953343373083953,0.001096785366144104
56.324411493929006,106.29254154806915,65.80752713074065,106.2927011370694,65.80725071418232,0.00015958900024770628,0.00027641655833576806,0.00043600555858347434
56.36039932930568,106.33725918451324,65.80204955757074,106.33733586684635,65.80191673972885,7.668233310198502e-05,0.0001328178418873449,0.00020950017498932993
56.396387164682345,106.38162896161056,65.79717449512066,106.38170180299173,65.79704833000991,7.284138116858685e-05,0.0001261651107427042,0.00019900649191129105
56.43237500005902,106.42578007992496,65.79267816120529,106.42579680887636,65.7926491857799,1.6728951393929492e-05,2.897542539415099e-05,4.570437678808048e-05
56.46836283543569,106.46957729439032,65.78879480740626,106.46961877518237,65.7887229604885,4.1480792049242154e-05,7.184691776274121e-05,0.00011332770981198337
56.504350670812364,106.51312590792911,65.78534204351261,106.51316562021086,65.7852732597479,3.971228174748376e-05,6.878376471775027e-05,0.00010849604646523403
56.54033850618904,106.55642345162616,65.78232414581556,106.55643529018697,65.78230364080439,1.183856080899659e-05,2.0505011178784116e-05,3.2343571987780706e-05
56.576326341565704,106.59936804364678,65.77991757902167,106.59942575956222,65.77981761201464,5.771591544601051e-05,9.99670070314096e-05,0.0001576829224774201
56.61231417694238,106.64209870611812,65.77788154948063,106.64213503131435,65.7778186323265,3.632519623408825e-05,6.29171541248752e-05,9.924235035896345e-05
56.64830201231905,106.68451454573731,65.77639080970982,106.68456113724423,65.77631011076458,4.659150691566083e-05,8.069894523998755e-05,0.00012729045215564838
56.68428984769572,106.72665311082926,65.77538032403181,106.72670213827016,65.77529540592059,4.90274408946334e-05,8.491811122723902e-05,0.00013394555212187242
56.720277683072396,106.76848027801275,65.77490919594106,106.7685561247193,65.77477782544841,7.584670655091941e-05,0.00013137049265310452,0.00020721719920402393
56.75626551844907,106.81008968101484,65.77481524688807,106.81012121661641,65.77476062556431,3.153560156476942e-05,5.462132375555484e-05,8.615692532032426e-05
56.792253353825735,106.85136366973022,65.77530225305507,106.85139556396948,65.77524701055194,3.189423925675783e-05,5.5242503137264976e-05,8.71367423940228e-05
56.82824118920241,106.89229673341447,65.77637975934181,106.89237734705266,65.77624013227235,8.061363818967493e-05,0.00013962706945847003,0.00022024070764814496
56.86422902457908,106.93303056545162,65.7778023453403,106.93306477668607,65.77774308967939,3.421123444979912e-05,5.925566091491419e-05,9.346689536471331e-05
56.900216859955755,106.9734011561332,65.77985408450844,106.97345609451273,65.77975892834,5.4938379520308445e-05,9.515616844169017e-05,0.00015009454796199861
56.93620469533243,107.01354563685942,65.78229745803466,107.01354957327241,65.78229063995991,3.936412994676175e-06,6.81807475189089e-06,1.0754487746567065e-05
56.9721925307091,107.05332612151946,65.7853712919291,107.05334351707242,65.78534116191464,1.7395552958987537e-05,3.013001445140162e-05,4.752556741038916e-05
57.00818036608577,107.09278015628136,65.7890105542501,107.09283626165526,65.78891337678593,5.610537390055015e-05,9.717746416981754e-05,0.0001532828380703677
57.04416820146244,107.13188744497516,65.79325039903365,107.13202617466314,65.7930101119034,0.0001387296879755695,0.00024028713025359139,0.0003790168182291609
57.080156036839114,107.1706898644248,65.79801829341385,107.17091165589932,65.79763413889219,0.00022179147451595327,0.0003841545216545228,0.0006059459961704761
57.11614387221579,107.20949228387445,65.80278618779404,107.20949113758624,65.80278817322564,1.1462882127943885e-06,1.985431595130649e-06,3.1317198079250375e-06
57.15213170759246,107.2475247697607,65.80888764767941,107.24776308462032,65.80847487378405,0.00023831485961522958,0.0004127738953627613,0.0006510887549779909
57.188119542969126,107.28555582999115,65.81499157687577,107.28572599482351,65.81469684241893,0.00017016483235465785,0.00029473445684402577,0.0004648992891986836
57.2241073783458,107.32337400769262,65.82146422983065,107.32337839919157,65.82145662352308,4.391498947597938e-06,7.606307576679683e-06,1.1997806524277621e-05
57.26009521372247,107.36058271096793,65.82899252460929,107.3607188621388,65.82875670360654,0.00013615117086374084,0.00023582100274666118,0.000371972173610402
57.296083049099146,107.39774131069203,65.83660760137893,107.39774598173955,65.83659951087849,4.67104752033265e-06,8.090500443813653e-06,1.2761547964146303e-05
57.33207088447582,107.43434408115624,65.84518540371738,107.43445838996612,65.84498741483492,0.00011430880988427816,0.0001979888824621412,0.00031229769234641935
57.36805871985249,107.4708247091595,65.85397476323476,107.47085475292334,65.85392272585254,3.0043763842968474e-05,5.203738221837284e-05,8.208114606134131e-05
57.40404655522916,107.50686047813579,65.8635346420297,107.50693377107953,65.8634076947888,7.329294373903394e-05,0.00012694724090067666,0.0002002401846397106
57.44003439060583,107.54267642783402,65.87347525939812,107.54269417949389,65.87344451258775,1.7751659868281422e-05,3.074681036707716e-05,4.849847023535858e-05
57.476022225982504,107.57813212814611,65.88403984768752,107.57813474804041,65.88403530989252,2.6198943032795796e-06,4.537794993098032e-06,7.157689296377612e-06
57.51201006135918,107.61300954189785,65.89560605877352,107.61325428162804,65.89518215666372,0.0002447397301921228,0.00042390210980158827,0.0006686418399937111
57.54799789673585,107.64786507132477,65.90721017466338,107.64805162041733,65.90688706180443,0.00018654909256099472,0.0003231128589504806,0.0005096619515114753
57.58398573211252,107.68247068874255,65.91924715132274,107.68252564003328,65.91915197279141,5.495129072130567e-05,9.517853132479104e-05,0.0001501298220460967
57.61997356748919,107.71635489845211,65.93253364414893,107.71667525177449,65.93197877531283,0.00032035332237967395,0.0005548688361045606,0.0008752221584842346
57.65596140286586,107.75023910816168,65.94582013697514,107.75049940281868,65.94536929291242,0.000260294656996507,0.0004508440627262189,0.0007111387197227259
57.691949238242536,107.78399178922065,65.95933444435538,107.78399707642414,65.9593252866403,5.287203492798653e-06,9.157715084029405e-06,1.4444918576828059e-05
57.72793707361921,107.81716389198233,65.97385434394141,107.81716729212778,65.9738484547103,3.400145445198177e-06,5.889231104561077e-06,9.289376549759254e-06
57.76392490899588,107.8498540761662,65.98920895190001,107.85000910593891,65.98894043216403,0.00015502977271353302,0.00026851973598240875,0.00042354950869594177
57.79991274437255,107.88188480151645,66.00570577731007,107.88252161052938,66.00460279054158,0.0006368090129313941,0.0011029867684868577,0.0017397957814182519
57.83590057974922,107.91391552686672,66.02220260272013,107.91470393541987,66.02083703755909,0.0007884085531486562,0.0013655651610378072,0.0021539737141864634
57.871888415125895,107.94594625221697,66.0386994281302,107.94655524716197,66.0376446167931,0.000608994944997221,0.0010548113370987267,0.0016638062820959476
57.90787625050257,107.97797697756724,66.05519625354026,107.97807474951655,66.05502690737174,9.777194931359645e-05,0.00016934616851926876,0.0002671181178328652
57.94386408587924,108.00921944414559,66.07305838468235,108.00926168362801,66.07298522367292,4.223948242554343e-05,7.316100943910442e-05,0.00011540049186464785
57.979851921255914,108.04009327307357,66.09155901566109,108.04011532819447,66.09152081502944,2.2055120908248682e-05,3.820063164994281e-05,6.025575255819149e-05
58.01583975663258,108.07061736865865,66.1106654032197,108.07063499963407,66.11063486544117,1.763097542095693e-05,3.0537778528128e-05,4.816875394908493e-05
58.05182759200925,108.10078170169595,66.1303949184696,108.10082005224696,66.13032849329426,3.8350551008647926e-05,6.642517534771741e-05,0.00010477572635636534
58.08781542738593,108.1306070326382,66.15071160321259,108.13066987837331,66.15060275108755,6.284573511550207e-05,0.00010885212503808361,0.00017169786015358568
58.1238032627626,108.16014223315568,66.17153080914035,108.16018390854721,66.17145862516605,4.1675391528883665e-05,7.218397429653578e-05,0.00011385936582541945
58.15979109813927,108.18928616690528,66.19302770972878,108.18936161164622,66.19289703546174,7.544474094345333e-05,0.00013067426704083118,0.0002061190079842845
58.19577893351594,108.21814353923185,66.2150209498029,108.21820249503699,66.21491883524158,5.895580514447829e-05,0.00010211456132935837,0.00016107036647383666
58.23176676889261,108.24663358746174,66.23765041456942,108.24670610471642,66.23752481086285,7.251725467938286e-05,0.00012560370656444775,0.0001981209612438306
58.267754604269285,108.27486829082113,66.26072215010765,108.27487202544873,66.26071568153586,3.7346275973959564e-06,6.468571797313416e-06,1.0203199394709372e-05
58.30374243964596,108.30265616437147,66.28456781842186,108.3026998808981,66.28449209909398,4.3716526633375e-05,7.571932788152935e-05,0.00011943585451490435
58.33973027502263,108.33011662041673,66.30898059110886,108.33018933375726,66.30885464777128,7.271334052916245e-05,0.00012594333757931508,0.00019865667810847754
58.375718110399305,108.3572991029518,66.33387482856398,108.35734008587144,66.33380384398747,4.0982919642829074e-05,7.098457651011358e-05,0.00011196749615294266
58.41170594577597,108.38406995282087,66.35948203548848,108.38415187835827,66.35934013614047,8.192553740116182e-05,0.00014189934800867832,0.00022382488540984014
58.447693781152644,108.4104765507956,66.38572014588911,108.4106244917231,66.38546390440659,0.00014794092750491927,0.0002562414825177939,0.00040418241002271316
58.48368161652932,108.43672644465515,66.41222967607507,108.43675774597008,66.4121754605481,3.130131493378485e-05,5.4215526972711814e-05,8.551684190649667e-05
58.51966945190599,108.46253947631368,66.43949587461466,108.46255150070871,66.43947504772882,1.2024395033449764e-05,2.0826885844371645e-05,3.285128087782141e-05
58.55565728728266,108.48788546471344,66.46757101669031,108.48800565525596,66.46736284033699,0.00012019054251766192,0.00020817635332548434,0.00032836689584314627
58.59164512265934,108.5129919381704,66.4960610112687,108.51312014873402,66.49583894381617,0.00012821056361644878,0.00022206745252617566,0.00035027801614262444
58.627632958036,108.53786457390059,66.52495602511246,108.53789496016356,66.52490339450372,3.0386262963588706e-05,5.2630608735171336e-05,8.301687169876004e-05
58.663620793412676,108.5622693757458,66.55466135189857,108.56233010855232,66.55455615947722,6.073280651719415e-05,0.00010519242135842433,0.00016592522787561848
58.69960862878935,108.58642402657796,66.58479995342155,108.58642565297944,66.58479713640848,1.6264014846001373e-06,2.8170130690341466e-06,4.443414553634284e-06
58.73559646416602,108.61015456735494,66.61567313590956,108.61018169267501,66.61562615342575,2.7125320073650983e-05,4.6982483809188125e-05,7.410780388283911e-05
58.771584299542695,108.63330207866822,66.64755615615273,108.63359836709523,66.64704296898354,0.00029628842700901714,0.0005131871691901324,0.0008094755961991495
58.80757213491936,108.65624100181873,66.67980046208584,108.65667585599294,66.67904727174047,0.00043485417421607053,0.0007531903453639188,0.0011880445195799894
58.843559970296035,108.67917992496925,66.71204476801894,108.67941437948343,66.71163868044525,0.000234454514185245,0.00040608757369398063,0.0006405420878792256
58.87954780567271,108.70178021480237,66.74487560470283,108.70181419810595,66.74481674383021,3.398330358095336e-05,5.886087261330886e-05,9.284417619426222e-05
58.91553564104938,108.72385913978019,66.77860947279062,108.7238756128801,66.77858094051348,1.647309990460144e-05,2.853227714183504e-05,4.500537704643648e-05
58.951523476426054,108.74558934573169,66.81294734060849,108.74559896535814,66.81293067890854,9.619626453627461e-06,1.666169994507527e-05,2.628132639870273e-05
58.98751131180273,108.76697392523751,66.84788385164389,108.76698463767222,66.84786529714243,1.07124347152876e-05,1.8554501451717442e-05,2.9266936167005042e-05
59.02349914717939,108.78800956828634,66.88342473901074,108.78803305257702,66.88338406298173,2.3484290679220976e-05,4.067602900192924e-05,6.416031968115021e-05
59.059486982556066,108.80841187822826,66.92006259269372,108.80874467348784,66.91948617376676,0.0003327952595810757,0.0005764189269683584,0.0009092141865494341
59.09547481793274,108.8286780108427,66.95693631268406,108.82912000451375,66.95617075635393,0.00044199367106045884,0.0007655563301369739,0.0012075500011974327
59.13146265330941,108.84894414345715,66.99381003267439,108.84915959048635,66.99343686706632,0.00021544702920550662,0.00037316560806743837,0.000588612637272945
59.167450488686086,108.8688420579395,67.03132152587358,108.86886401698334,67.03128349165247,2.1959043834840486e-05,3.8034221105931465e-05,5.999326494077195e-05
59.20343832406275,108.88813621208821,67.06987876378716,108.88823391034774,67.0697095452532,9.769825952332667e-05,0.00016921853395501785,0.0002669167934783445
59.239426159439425,108.90704741567748,67.10909929225015,108.90726993770218,67.10871387237708,0.00022252202469985605,0.0003854198730692815,0.0006079418977691375
59.2754139948161,108.92595861926675,67.14831982071316,108.92597280695834,67.14829524688365,1.4187691590450413e-05,2.4573829506380207e-05,3.876152109683062e-05
59.31140183019277,108.94415239654943,67.18878296934552,108.9443432668218,67.18845237197544,0.00019087027237674192,0.0003305973700804543,0.0005214676424571962
59.347389665569445,108.96221319169727,67.22947645004326,108.96238210679194,67.22918388019795,0.00016891509466177013,0.00029256984531400576,0.0004614849399757759
59.38337750094612,108.98007271995307,67.27051853560425,108.98009015715701,67.27048833344811,1.74372039367654e-05,3.020215613958044e-05,4.763936007634584e-05
59.419365336322784,108.99716745029002,67.3128852914634,108.99746828898456,67.31236422299106,0.00030083869454244905,0.0005210684723380155,0.0008219071668804645
59.45535317169946,109.01426218062699,67.35525204732255,109.01451741410689,67.35480996948525,0.00025523347990485945,0.0004420778373059875,0.0006973113172108469
59.49134100707613,109.03118327932097,67.39791954233725,109.03123848510162,67.39782392301596,5.52057806544326e-05,9.5619321285767e-05,0.0001508251019401996
59.5273288424528,109.04755174325751,67.44154422987417,109.04763249526764,67.44140436313722,8.075201012047728e-05,0.00013986673694432739,0.00022061874706480467
59.56331667782948,109.06351353375472,67.4858732972386,109.06370047859596,67.48554949892208,0.00018694484124637256,0.00032379831651496715,0.0005107431577613397
59.59930451320615,109.07921501559397,67.53065323291617,109.07944350973591,67.53025746902132,0.00022849414193615303,0.00039576389484352603,0.0006242580367796791
59.635292348582816,109.09483474706856,67.57557476453333,109.09486270395625,67.5755263417306,2.7956887691971133e-05,4.842280273464894e-05,7.637969042662007e-05
59.67128018395949,109.10984852270307,67.62154584359773,109.10995921710168,67.62135411506607,0.00011069439860023067,0.0001917285316608286,0.00030242293026105926
59.70726801933616,109.124711032605,67.66777892288226,109.1247342455442,67.66773871684832,2.3212939197492233e-05,4.020603394394584e-05,6.341897314143807e-05
59.743255854712835,109.13905792239909,67.71490508336535,109.1391890261298,67.71467800479495,0.0001311037307090146,0.00022707857040416002,0.0003581823011131746
59.77924369008951,109.15319193791471,67.76239995331663,109.15332483612016,67.76216976662143,0.00013289820545026032,0.00023018669520524782,0.00036308490065550814
59.815231525466174,109.16712014696601,67.81025129090955,109.16714299312946,67.81021172015049,2.2846163446388346e-05,3.9570759057028226e-05,6.241692250341657e-05
59.85121936084285,109.18039408182608,67.85923586588014,109.18064485505639,67.85880151343017,0.0002507732303058674,0.00043435244997169775,0.0006851256802775652
59.88720719621952,109.19350052257217,67.90851054948261,109.19383182001108,67.90793672485994,0.0003312974389189094,0.0005738246226769661,0.0009051220615958755
59.923195031596194,109.20660696331827,67.9577852330851,109.2067053262374,67.95761486332569,9.836291913245532e-05,0.00017036975941664423,0.00026873267854909955
59.95918286697287,109.21914630990777,68.00804215365108,109.21926685203005,68.00783336834304,0.00012054212227496919,0.00020878530803258855,0.00032932743030755773
59.99517070234954,109.23152,68.058586,109.23151791564706,68.05858961020913,2.0843529426883833e-06,3.610209120097352e-06,5.694562062785735e-06
